Benefit Group,Dental Code,Description,Frequency/Limitations,In-Network Coverage,Out-of-Network Coverage
Exams,D0120,Periodic oral evaluation – established patient,Unlimited up to annual maximum,100%,100%
Exams,D0140,Limited oral evaluation – problem focused,Unlimited up to annual maximum,100%,100%
Exams,D0150,Comprehensive oral evaluation – new or established patient,Unlimited up to annual maximum,100%,100%
Exams,D0160,"Detailed and extensive oral evaluation – problem focused, by report",Unlimited up to annual maximum,100%,100%
Additional exam,D0180,Comprehensive periodontal evaluation – new or established patient,Unlimited up to annual maximum,100%,100%
Intraoral X-rays (inside the mouth),D0210,Intraoral – comprehensive series of radiographic images,Unlimited up to annual maximum,100%,100%
Intraoral X-rays (inside the mouth),D0220,Intraoral – periapical first radiographic image,Unlimited up to annual maximum,100%,100%
Intraoral X-rays (inside the mouth),D0230,Intraoral – periapical each additional radiographic image,Unlimited up to annual maximum,100%,100%
Bitewing X-rays,D0270,Bitewing – single radiographic image,Unlimited up to annual maximum,100%,100%
Bitewing X-rays,D0272,Bitewings – two radiographic images,Unlimited up to annual maximum,100%,100%
Bitewing X-rays,D0273,Bitewings – three radiographic images,Unlimited up to annual maximum,100%,100%
Bitewing X-rays,D0274,Bitewings – four radiographic images,Unlimited up to annual maximum,100%,100%
X-rays,D0330,Panoramic radiographic image,Unlimited up to annual maximum,100%,100%
X-rays,D0364,Cone beam CT capture and interpretation with limited field of view – less than one whole jaw,Unlimited up to annual maximum,100%,100%
X-rays,D0365,Cone beam CT capture and interpretation with field of view of one full dental arch – mandible,Unlimited up to annual maximum,100%,100%
X-rays,D0366,"Cone beam CT capture and interpretation with field of view of one full dental arch – maxilla, with or without cranium",Unlimited up to annual maximum,100%,100%
X-rays,D0367,Cone beam CT capture and interpretation with field of view of both jaws; with or without cranium,Unlimited up to annual maximum,100%,100%
Implants,D1110,"Removal of plaque, calculus and stains from the tooth structures and implants in the permanent and transitional dentition. It is intended to control local irritational factors",Unlimited up to annual maximum,100%,100%
Amalgam,D2140,"Amalgam – one surface, primary or permanent",Unlimited up to annual maximum,100%,100%
Amalgam,D2150,"Amalgam – two surfaces, primary or permanent",Unlimited up to annual maximum,100%,100%
Amalgam,D2160,"Amalgam – three surfaces, primary or permanent",Unlimited up to annual maximum,100%,100%
Amalgam,D2161,"Amalgam – four or more surfaces, primary or permanent",Unlimited up to annual maximum,100%,100%
Resin-based composite,D2330,"Resin-based composite – one surface, anterior (front)",Unlimited up to annual maximum,100%,100%
Resin-based composite,D2331,"Resin-based composite – two surfaces, anterior (front)",Unlimited up to annual maximum,100%,100%
Resin-based composite,D2332,"Resin-based composite – three surfaces, anterior (front)",Unlimited up to annual maximum,100%,100%
Resin-based composite,D2335,Resin-based composite – four or more surfaces (anterior),Unlimited up to annual maximum,100%,100%
Resin-based composite,D2390,"Resin-based composite crown, anterior",Unlimited up to annual maximum,100%,100%
Resin-based composite,D2391,"Resin-based composite – one surface, posterior (back)",Unlimited up to annual maximum,100%,100%
Resin-based composite,D2392,"Resin-based composite – two surfaces, posterior (back)",Unlimited up to annual maximum,100%,100%
Resin-based composite,D2393,"Resin-based composite – three surfaces, posterior (back)",Unlimited up to annual maximum,100%,100%
Resin-based composite,D2394,"Resin-based composite – four or more surfaces, posterior (back)",Unlimited up to annual maximum,100%,100%
Inlay/Onlay restorations,D2542,Onlay – metallic – two surfaces,Unlimited up to annual maximum,100%,100%
Inlay/Onlay restorations,D2543,Onlay – metallic – three surfaces,Unlimited up to annual maximum,100%,100%
Inlay/Onlay restorations,D2544,Onlay – metallic – four or more surfaces,Unlimited up to annual maximum,100%,100%
Inlay/Onlay restorations,D2642,Onlay – porcelain/ceramic – two surfaces,Unlimited up to annual maximum,100%,100%
Inlay/Onlay restorations,D2643,Onlay – porcelain/ceramic – three surfaces,Unlimited up to annual maximum,100%,100%
Inlay/Onlay restorations,D2644,Onlay – porcelain/ceramic – four or more surfaces,Unlimited up to annual maximum,100%,100%
Resin-based composite,D2662,Onlay – resin-based composite – two surfaces,Unlimited up to annual maximum,100%,100%
Resin-based composite,D2663,Onlay – resin-based composite – three surfaces,Unlimited up to annual maximum,100%,100%
Resin-based composite,D2664,Onlay – resin-based composite – four or more surfaces,Unlimited up to annual maximum,100%,100%
Resin-based composite,D2710,Crown – resin-based composite (indirect),Unlimited up to annual maximum,100%,100%
Resin-based composite,D2712,Crown – 3/4 resin-based composite (indirect),Unlimited up to annual maximum,100%,100%
Crowns,D2720,Crown – resin with high noble metal,Unlimited up to annual maximum,100%,100%
Crowns,D2721,Crown – resin with predominantly base metal,Unlimited up to annual maximum,100%,100%
Crowns,D2722,Crown – resin with noble metal,Unlimited up to annual maximum,100%,100%
Crowns,D2740,Crown – porcelain/ceramic,Unlimited up to annual maximum,100%,100%
Crowns,D2750,Crown – porcelain fused to high noble metal,Unlimited up to annual maximum,100%,100%
Crowns,D2751,Crown – porcelain fused to predominantly base metal,Unlimited up to annual maximum,100%,100%
Crowns,D2752,Crown – porcelain fused to noble metal,Unlimited up to annual maximum,100%,100%
Crowns,D2753,Crown – porcelain fused to titanium and titanium alloys,Unlimited up to annual maximum,100%,100%
Crowns,D2780,Crown – 3/4 cast high noble metal,Unlimited up to annual maximum,100%,100%
Crowns,D2781,Crown – 3/4 cast predominantly base metal,Unlimited up to annual maximum,100%,100%
Crowns,D2782,Crown – 3/4 cast noble metal,Unlimited up to annual maximum,100%,100%
Crowns,D2783,Crown – 3/4 porcelain/ceramic,Unlimited up to annual maximum,100%,100%
Crowns,D2790,Crown – full cast high noble metal,Unlimited up to annual maximum,100%,100%
Crowns,D2791,Crown – full cast predominantly base metal,Unlimited up to annual maximum,100%,100%
Crowns,D2792,Crown – full cast noble metal,Unlimited up to annual maximum,100%,100%
Crowns,D2794,Crown – titanium and titanium alloys,Unlimited up to annual maximum,100%,100%
Inlay/Onlay restorations,D2910,"Re-cement or re-bond inlay, onlay, veneer or partial coverage restoration",Unlimited up to annual maximum,100%,100%
Other restorative services,D2915,Re-cement or re-bond indirectly fabricated or prefabricated post and core,Unlimited up to annual maximum,100%,100%
Crowns,D2920,Re-cement or re-bond crown,Unlimited up to annual maximum,100%,100%
Crowns,D2928,Prefabricated porcelain/ceramic crown – permanent tooth,Unlimited up to annual maximum,100%,100%
Crowns,D2931,Prefabricated stainless steel crown – permanent tooth,Unlimited up to annual maximum,100%,100%
Crowns,D2932,Prefabricated resin crown,Unlimited up to annual maximum,100%,100%
Crowns,D2933,Prefabricated stainless steel crown with resin window,Unlimited up to annual maximum,100%,100%
Other restorative services (continued),D2950,"Core buildup, including any pins when required",Unlimited up to annual maximum,100%,100%
Other restorative services (continued),D2951,"Pin retention – per tooth, in addition to restoration",Unlimited up to annual maximum,100%,100%
Crowns,D2952,"Post and core in addition to crown, indirectly fabricated",Unlimited up to annual maximum,100%,100%
Other restorative services (continued),D2953,Each additional indirectly fabricated post – same tooth,Unlimited up to annual maximum,100%,100%
Crowns,D2954,Prefabricated post and core in addition to crown,Unlimited up to annual maximum,100%,100%
Other restorative services (continued),D2955,Post removal,Unlimited up to annual maximum,100%,100%
Other restorative services (continued),D2957,Each additional prefabricated post – same tooth,Unlimited up to annual maximum,100%,100%
Other restorative services (continued),D2975,Coping,Unlimited up to annual maximum,100%,100%
Crowns,D2980,Crown repair necessitated by restorative material failure,Unlimited up to annual maximum,100%,100%
Inlay/Onlay restorations,D2981,Inlay repair necessitated by restorative material failure,Unlimited up to annual maximum,100%,100%
Inlay/Onlay restorations,D2982,Onlay repair necessitated by restorative material failure,Unlimited up to annual maximum,100%,100%
Endodontics,D3221,"Pulpal debridement, primary and permanent teeth",Unlimited up to annual maximum,100%,100%
Endodontics,D3222,Partial pulpotomy for apexogenesis – permanent tooth with incomplete root development,Unlimited up to annual maximum,100%,100%
"Endodontic therapy, anterior tooth",D3310,excluding final restoration,Unlimited up to annual maximum,100%,100%
"Endodontic therapy, premolar tooth",D3320,excluding final restoration,Unlimited up to annual maximum,100%,100%
"Endodontic therapy, molar tooth",D3330,excluding final restoration,Unlimited up to annual maximum,100%,100%
Endodontics,D3331,Treatment of root canal obstruction; non-surgical access,Unlimited up to annual maximum,100%,100%
Endodontic services,D3332,"Incomplete endodontic therapy; inoperable, unrestorable or fractured tooth",Unlimited up to annual maximum,100%,100%
Endodontic services,D3333,Internal root repair of perforation defects,Unlimited up to annual maximum,100%,100%
Endodontics,D3346,Retreatment of previous root canal therapy – anterior,Unlimited up to annual maximum,100%,100%
Endodontics,D3347,Retreatment of previous root canal therapy – premolar,Unlimited up to annual maximum,100%,100%
Endodontics,D3348,Retreatment of previous root canal therapy – molar,Unlimited up to annual maximum,100%,100%
Endodontics,D3410,Apicoectomy – anterior,Unlimited up to annual maximum,100%,100%
Endodontics,D3421,Apicoectomy – bicuspid (first root),Unlimited up to annual maximum,100%,100%
Endodontics,D3425,Apicoectomy – molar (first root),Unlimited up to annual maximum,100%,100%
Endodontics,D3426,Apicoectomy (each additional root),Unlimited up to annual maximum,100%,100%
Endodontic services (continued),D3430,Retrograde filling – per root,Unlimited up to annual maximum,100%,100%
Endodontic services (continued),D3450,Root amputation – per root,Unlimited up to annual maximum,100%,100%
Endodontic services (continued),D3471,Surgical repair of root resorption – anterior,Unlimited up to annual maximum,100%,100%
Endodontic services (continued),D3472,Surgical repair of root resorption – premolar,Unlimited up to annual maximum,100%,100%
Endodontic services (continued),D3473,Surgical repair of root resorption – molar,Unlimited up to annual maximum,100%,100%
Endodontics,D3501,Surgical exposure of root surface without apicoectomy or repair of root resorption – anterior,Unlimited up to annual maximum,100%,100%
Endodontics,D3502,Surgical exposure of root surface without apicoectomy or repair of root resorption – premolar,Unlimited up to annual maximum,100%,100%
Endodontics,D3503,Surgical exposure of root surface without apicoectomy or repair of root resorption – molar,Unlimited up to annual maximum,100%,100%
Endodontics,D3920,"Hemisection (including any root removal), not including root canal therapy",Unlimited up to annual maximum,100%,100%
Periodontics,D4210,Gingivectomy or gingivoplasty – four or more contiguous teeth or tooth bounded spaces per quadrant,Unlimited up to annual maximum,100%,100%
Periodontics,D4211,Gingivectomy or gingivoplasty – one to three contiguous teeth or tooth bounded spaces per quadrant,Unlimited up to annual maximum,100%,100%
Periodontics,D4212,"Gingivectomy or gingivoplasty to allow access for restorative procedure, per tooth",Unlimited up to annual maximum,100%,100%
Periodontics,D4240,"Gingival flap procedure, including root planing – four or more contiguous teeth or tooth bounded spaces per quadrant",Unlimited up to annual maximum,100%,100%
Periodontics,D4241,"Gingival flap procedure, including root planing – one to three contiguous teeth or tooth bounded spaces per quadrant",Unlimited up to annual maximum,100%,100%
Periodontics,D4245,Apically positioned flap,Unlimited up to annual maximum,100%,100%
Crowns,D4249,Clinical crown lengthening – hard tissue Osseous surgery (including elevation of a,Unlimited up to annual maximum,100%,100%
Periodontics,D4260,full thickness flap and closure) – four or more contiguous teeth or tooth bounded spaces per quadrant,Unlimited up to annual maximum,100%,100%
Periodontics,D4261,Osseous surgery (including elevation of a full thickness flap and closure) – one to three contiguous teeth or tooth bounded spaces per quadrant,Unlimited up to annual maximum,100%,100%
Periodontics (continued),D4263,Bone replacement graft – retained natural tooth – first site in quadrant,Unlimited up to annual maximum,100%,100%
Periodontics (continued),D4264,Bone replacement graft – retained natural tooth – each additional site in quadrant,Unlimited up to annual maximum,100%,100%
Periodontics,D4265,Biologic materials to aid in soft and osseous tissue regeneration,Unlimited up to annual maximum,100%,100%
Periodontics (continued),D4266,"Guided tissue regeneration, natural teeth – resorbable barrier, per site",Unlimited up to annual maximum,100%,100%
Periodontics (continued),D4267,"Guided tissue regeneration, natural teeth – nonresorbable barrier, per site",Unlimited up to annual maximum,100%,100%
Periodontics (continued),D4270,Pedicle soft tissue graft procedure Autogenous connective tissue graft,Unlimited up to annual maximum,100%,100%
Implants,D4273,"procedure (including donor and recipient surgical sites) first tooth, implant, or edentulous tooth position in graft",Unlimited up to annual maximum,100%,100%
"Mesial/distal wedge procedure, single tooth",D4274,when not performed in conjunction with surgical procedures in the same anatomical area,Unlimited up to annual maximum,100%,100%
Implants,D4275,"Non-autogenous connective tissue graft (including recipient site and donor material) first tooth, implant, or edentulous tooth position in graft",Unlimited up to annual maximum,100%,100%
Periodontics (continued),D4276,"Combined connective tissue and pedicle graft, per tooth",Unlimited up to annual maximum,100%,100%
Implants,D4277,"Free soft tissue graft procedure (including recipient and donor surgical sites) first tooth, implant or edentulous tooth position in graft",Unlimited up to annual maximum,100%,100%
Implants,D4278,"Free soft tissue graft procedure (including recipient and donor surgical sites) each additional contiguous tooth, implant or edentulous tooth position in same graft site",Unlimited up to annual maximum,100%,100%
Implants,D4283,"Autogenous connective tissue graft procedure (including donor and recipient surgical sites) – each additional contiguous tooth, implant or edentulous tooth position in same graft site",Unlimited up to annual maximum,100%,100%
Implants,D4285,"Non-autogenous connective tissue graft procedure (including recipient surgical site and donor material) – each additional contiguous tooth, implant or edentulous tooth position in same graft",Unlimited up to annual maximum,100%,100%
Periodontics,D4341,site Periodontal scaling and root planing – four or more teeth per quadrant,Unlimited up to annual maximum,100%,100%
Periodontics,D4342,Periodontal scaling and root planing – one to three teeth per quadrant,Unlimited up to annual maximum,100%,100%
Periodontics,D4346,"Scaling in presence of generalized moderate or severe gingival inflammation – full mouth, after oral",Unlimited up to annual maximum,100%,100%
Periodontics (continued),D4910,evaluation Periodontal maintenance,Unlimited up to annual maximum,100%,100%
Dentures,D5110,Complete denture – maxillary,Unlimited up to annual maximum,100%,100%
Dentures,D5120,Complete denture – mandibular,Unlimited up to annual maximum,100%,100%
Dentures,D5130,Immediate denture – maxillary,Unlimited up to annual maximum,100%,100%
Dentures,D5140,Immediate denture – mandibular,Unlimited up to annual maximum,100%,100%
Maxillary partial denture – resin base,D5211,"including retentive/clasping materials, rests and teeth",Unlimited up to annual maximum,100%,100%
Mandibular partial denture – resin base,D5212,"including retentive/clasping materials, rests and teeth",Unlimited up to annual maximum,100%,100%
Dentures,D5213,"Maxillary partial denture – cast metal framework with resin denture bases (including retentive/clasping materials, rests and teeth)",Unlimited up to annual maximum,100%,100%
Dentures,D5214,"Mandibular partial denture – cast metal framework with resin denture bases (including retentive/clasping materials, rests and teeth)",Unlimited up to annual maximum,100%,100%
Dentures,D5221,"Immediate maxillary partial denture – resin base (including retentive/clasping materials, rests and teeth)",Unlimited up to annual maximum,100%,100%
Dentures,D5222,"Immediate mandibular partial denture – resin base (including retentive/clasping materials, rests and teeth)",Unlimited up to annual maximum,100%,100%
Dentures,D5223,"Immediate maxillary partial denture – cast metal framework with resin denture bases (including retentive/clasping materials, rests and teeth)",Unlimited up to annual maximum,100%,100%
Dentures,D5224,"Immediate mandibular partial denture – cast metal framework with resin denture bases (including retentive/clasping materials, rests and teeth)",Unlimited up to annual maximum,100%,100%
Maxillary partial denture – flexible base,D5225,"including retentive/clasping materials, rests and teeth",Unlimited up to annual maximum,100%,100%
Mandibular partial denture – flexible base,D5226,"including retentive/clasping materials, rests and teeth",Unlimited up to annual maximum,100%,100%
Dentures,D5227,"Immediate Maxillary partial denture – flexible base (including retentive/clasping materials, rests and teeth)",Unlimited up to annual maximum,100%,100%
Dentures,D5228,"Immediate Mandibular partial denture – flexible base (including retentive/clasping materials, rests and teeth)",Unlimited up to annual maximum,100%,100%
Dentures,D5282,"Removable unilateral partial denture – one piece cast metal (including retentive/clasping materials, rests and teeth), maxillary",Unlimited up to annual maximum,100%,100%
Dentures,D5283,"Removable unilateral partial denture – one piece cast metal (including retentive/clasping materials, rests and teeth), mandibular",Unlimited up to annual maximum,100%,100%
Dentures,D5284,"Removable unilateral partial denture – one piece flexible base (including retentive/clasping materials, rests and teeth) – per quadrant",Unlimited up to annual maximum,100%,100%
Dentures,D5286,"Removable unilateral partial denture – one piece resin (including retentive/clasping materials, rests and teeth) – per quadrant",Unlimited up to annual maximum,100%,100%
Dentures,D5410,Adjust complete denture – maxillary,Unlimited up to annual maximum,100%,100%
Dentures,D5411,Adjust complete denture – mandibular,Unlimited up to annual maximum,100%,100%
Dentures,D5421,Adjust partial denture – maxillary,Unlimited up to annual maximum,100%,100%
Dentures,D5422,Adjust partial denture – mandibular,Unlimited up to annual maximum,100%,100%
Dentures,D5511,"Repair broken complete denture base, mandibular",Unlimited up to annual maximum,100%,100%
Dentures,D5512,"Repair broken complete denture base, maxillary",Unlimited up to annual maximum,100%,100%
Repairs to dentures,D5520,Replace missing or broken teeth,Unlimited up to annual maximum,100%,100%
Dentures,D5611,"Repair resin partial denture base, mandibular",Unlimited up to annual maximum,100%,100%
Dentures,D5612,"Repair resin partial denture base, maxillary",Unlimited up to annual maximum,100%,100%
Repairs to dentures,D5621,"Repair cast partial framework, mandibular",Unlimited up to annual maximum,100%,100%
Repairs to dentures,D5622,"Repair cast partial framework, maxillary",Unlimited up to annual maximum,100%,100%
Repairs to dentures,D5630,Repair or replace broken retentive/clasping materials – per tooth,Unlimited up to annual maximum,100%,100%
Dentures,D5640,Replace missing or broken teeth – partial denture – per tooth,Unlimited up to annual maximum,100%,100%
Dentures,D5650,Add tooth to existing partial denture – per tooth,Unlimited up to annual maximum,100%,100%
Dentures,D5660,Add clasp to existing partial denture – per tooth,Unlimited up to annual maximum,100%,100%
Repairs to dentures,D5670,Replace all teeth and acrylic on cast metal framework (maxillary),Unlimited up to annual maximum,100%,100%
Repairs to dentures,D5671,Replace all teeth and acrylic on cast metal framework (mandibular),Unlimited up to annual maximum,100%,100%
Dentures,D5710,Rebase complete maxillary denture,Unlimited up to annual maximum,100%,100%
Dentures,D5711,Rebase complete mandibular denture,Unlimited up to annual maximum,100%,100%
Dentures,D5720,Rebase maxillary partial denture,Unlimited up to annual maximum,100%,100%
Dentures,D5721,Rebase mandibular partial denture,Unlimited up to annual maximum,100%,100%
Dentures rebase,D5725,Rebase hybrid prosthesis,Unlimited up to annual maximum,100%,100%
Dentures,D5730,Reline complete maxillary denture (direct),Unlimited up to annual maximum,100%,100%
Dentures,D5731,Reline complete mandibular denture (direct),Unlimited up to annual maximum,100%,100%
Dentures,D5740,Reline maxillary partial denture (direct),Unlimited up to annual maximum,100%,100%
Dentures,D5741,Reline mandibular partial denture (direct),Unlimited up to annual maximum,100%,100%
Dentures,D5750,Reline complete maxillary denture (indirect),Unlimited up to annual maximum,100%,100%
Dentures,D5751,Reline complete mandibular denture (indirect),Unlimited up to annual maximum,100%,100%
Dentures,D5760,Reline maxillary partial denture (indirect),Unlimited up to annual maximum,100%,100%
Dentures,D5761,Reline mandibular partial denture (indirect),Unlimited up to annual maximum,100%,100%
Other removable prosthetic services,D5850,"Tissue conditioning, maxillary",Unlimited up to annual maximum,100%,100%
Other removable prosthetic services,D5851,"Tissue conditioning, mandibular",Unlimited up to annual maximum,100%,100%
Other removable prosthetic services,D5862,"Precision attachment, by report",Unlimited up to annual maximum,100%,100%
Dentures,D5863,Overdenture – complete maxillary – natural tooth borne,Unlimited up to annual maximum,100%,100%
Dentures,D5864,Overdenture – partial maxillary – natural tooth borne,Unlimited up to annual maximum,100%,100%
Dentures,D5865,Overdenture – complete mandibular – natural tooth borne,Unlimited up to annual maximum,100%,100%
Dentures,D5866,Overdenture – partial mandibular – natural tooth borne,Unlimited up to annual maximum,100%,100%
Other removable prosthetic services,D5867,"Replacement of replaceable part of semi-precision or precision attachment of natural tooth borne prosthesis, per attachment",Unlimited up to annual maximum,100%,100%
Dentures,D5876,Add metal substructure to acrylic complete denture – per arch,Unlimited up to annual maximum,100%,100%
Bridges,D6205,Pontic – indirect resin based composite,Unlimited up to annual maximum,100%,100%
Bridges,D6210,Pontic – cast high noble metal,Unlimited up to annual maximum,100%,100%
Bridges,D6211,Pontic – cast predominantly base metal,Unlimited up to annual maximum,100%,100%
Bridges,D6212,Pontic – cast noble metal,Unlimited up to annual maximum,100%,100%
Bridges,D6214,Pontic – titanium and titanium alloys,Unlimited up to annual maximum,100%,100%
Bridges,D6240,Pontic – porcelain fused to high noble metal,Unlimited up to annual maximum,100%,100%
Bridges,D6241,Pontic – porcelain fused to predominantly base metal,Unlimited up to annual maximum,100%,100%
Bridges,D6242,Pontic – porcelain fused to noble metal,Unlimited up to annual maximum,100%,100%
Bridges,D6243,Pontic – porcelain fused to titanium and titanium alloys,Unlimited up to annual maximum,100%,100%
Bridges,D6245,Pontic – porcelain/ceramic,Unlimited up to annual maximum,100%,100%
Bridges,D6250,Pontic – resin with high noble metal,Unlimited up to annual maximum,100%,100%
Bridges,D6251,Pontic – resin with predominantly base metal,Unlimited up to annual maximum,100%,100%
Bridges,D6252,Pontic – resin with noble metal,Unlimited up to annual maximum,100%,100%
Bridges,D6545,Retainer – cast metal for resin bonded fixed prosthesis,Unlimited up to annual maximum,100%,100%
Bridges,D6548,Retainer – porcelain/ceramic for resin bonded fixed prosthesis,Unlimited up to annual maximum,100%,100%
Bridges,D6549,Resin retainer – for resin bonded fixed prosthesis,Unlimited up to annual maximum,100%,100%
Inlay/Onlay restorations,D6600,"Retainer inlay – porcelain/ceramic, two",Unlimited up to annual maximum,100%,100%
Inlay/Onlay restorations,D6601,"Retainer inlay – porcelain/ceramic, three or more surfaces",Unlimited up to annual maximum,100%,100%
Inlay/Onlay restorations,D6602,"Retainer inlay – cast high noble metal, two surfaces",Unlimited up to annual maximum,100%,100%
Inlay/Onlay restorations,D6603,"Retainer inlay – cast high noble metal, three or more surfaces",Unlimited up to annual maximum,100%,100%
Inlay/Onlay restorations,D6604,"Retainer inlay – cast predominantly base metal, two surfaces",Unlimited up to annual maximum,100%,100%
Inlay/Onlay restorations,D6605,"Retainer inlay – cast predominantly base metal, three or more surfaces",Unlimited up to annual maximum,100%,100%
Inlay/Onlay restorations,D6606,"Retainer inlay – cast noble metal, two surfaces",Unlimited up to annual maximum,100%,100%
Inlay/Onlay restorations,D6607,"Retainer inlay – cast noble metal, three or more surfaces",Unlimited up to annual maximum,100%,100%
Inlay/Onlay restorations,D6608,"Retainer onlay – porcelain/ceramic, two surfaces",Unlimited up to annual maximum,100%,100%
Inlay/Onlay restorations,D6609,"Retainer onlay – porcelain/ceramic, three or more surfaces",Unlimited up to annual maximum,100%,100%
Inlay/Onlay restorations,D6610,"Retainer onlay – cast high noble metal, two surfaces",Unlimited up to annual maximum,100%,100%
Inlay/Onlay restorations,D6611,"Retainer onlay – cast high noble metal, three or more surfaces",Unlimited up to annual maximum,100%,100%
Inlay/Onlay restorations,D6612,"Retainer onlay – cast predominantly base metal, two surfaces",Unlimited up to annual maximum,100%,100%
Inlay/Onlay restorations,D6613,"Retainer onlay – cast predominantly base metal, three or more surfaces",Unlimited up to annual maximum,100%,100%
Inlay/Onlay restorations,D6614,"Retainer onlay – cast noble metal, two surfaces",Unlimited up to annual maximum,100%,100%
Inlay/Onlay restorations,D6615,"Retainer onlay – cast noble metal, three or more surfaces",Unlimited up to annual maximum,100%,100%
Inlay/Onlay restorations,D6624,Retainer inlay – titanium,Unlimited up to annual maximum,100%,100%
Inlay/Onlay restorations,D6634,Retainer onlay – titanium,Unlimited up to annual maximum,100%,100%
Crowns,D6710,Retainer crown – indirect resin based composite,Unlimited up to annual maximum,100%,100%
Crowns,D6720,Retainer crown – resin with high noble metal,Unlimited up to annual maximum,100%,100%
Crowns,D6721,Retainer crown – resin with predominantly base metal,Unlimited up to annual maximum,100%,100%
Crowns,D6722,Retainer crown – resin with noble metal,Unlimited up to annual maximum,100%,100%
Crowns,D6740,Retainer crown – porcelain/ceramic,Unlimited up to annual maximum,100%,100%
Crowns,D6750,Retainer crown – porcelain fused to high noble metal,Unlimited up to annual maximum,100%,100%
Crowns,D6751,Retainer crown – porcelain fused to predominantly base metal,Unlimited up to annual maximum,100%,100%
Crowns,D6752,Retainer crown – porcelain fused to noble metal,Unlimited up to annual maximum,100%,100%
Crowns,D6753,Retainer crown – porcelain fused to titanium and titanium alloys,Unlimited up to annual maximum,100%,100%
Crowns,D6780,Retainer crown – 3/4 cast high noble metal,Unlimited up to annual maximum,100%,100%
Crowns,D6781,Retainer crown – 3/4 cast predominantly base metal,Unlimited up to annual maximum,100%,100%
Crowns,D6782,Retainer crown – 3/4 cast noble metal,Unlimited up to annual maximum,100%,100%
Crowns,D6783,Retainer crown – 3/4 porcelain/ceramic,Unlimited up to annual maximum,100%,100%
Crowns,D6784,Retainer crown – 3/4 titanium and titanium alloys,Unlimited up to annual maximum,100%,100%
Crowns,D6790,Retainer crown – full cast high noble metal,Unlimited up to annual maximum,100%,100%
Crowns,D6791,Retainer crown – full cast predominantly base metal,Unlimited up to annual maximum,100%,100%
Crowns,D6792,Retainer crown – full cast noble metal,Unlimited up to annual maximum,100%,100%
Crowns,D6794,Retainer crown – titanium and titanium alloys,Unlimited up to annual maximum,100%,100%
Dentures,D6930,Re-cement or re-bond fixed partial denture,Unlimited up to annual maximum,100%,100%
Dentures,D6980,Fixed partial denture repair necessitated by restorative material failure,Unlimited up to annual maximum,100%,100%
Extractions,D7111,"Extraction, coronal remnants – primary tooth",Unlimited up to annual maximum,100%,100%
"Extraction, erupted tooth or exposed root",D7140,elevation and/or forceps removal,Unlimited up to annual maximum,100%,100%
Extractions,D7210,"Extraction, erupted tooth requiring removal of bone and/or sectioning of tooth, and including elevation of mucoperiosteal flap if indicated",Unlimited up to annual maximum,100%,100%
Oral surgery,D7220,Removal of impacted tooth – soft tissue,Unlimited up to annual maximum,100%,100%
Oral surgery,D7230,Removal of impacted tooth – partially bony,Unlimited up to annual maximum,100%,100%
Oral surgery,D7240,Removal of impacted tooth – completely bony,Unlimited up to annual maximum,100%,100%
Oral surgery,D7241,"Removal of impacted tooth – completely bony, with unusual surgical complications",Unlimited up to annual maximum,100%,100%
Oral surgery,D7250,Removal of residual tooth roots (cutting procedure),Unlimited up to annual maximum,100%,100%
Oral surgery (continued),D7251,"Coronectomy – intentional partial tooth removal, impacted teeth only",Unlimited up to annual maximum,100%,100%
Oral surgery (continued),D7260,Oroantral fistula closure,Unlimited up to annual maximum,100%,100%
Oral surgery (continued),D7261,Primary closure of a sinus perforation,Unlimited up to annual maximum,100%,100%
Oral surgery (continued),D7284,Excisional biopsy of minor salivary glands,Unlimited up to annual maximum,100%,100%
Oral surgery (continued),D7285,"Incisional biopsy of oral tissue – hard (bone, tooth)",Unlimited up to annual maximum,100%,100%
Oral surgery (continued),D7286,Incisional biopsy of oral tissue – soft,Unlimited up to annual maximum,100%,100%
Oral surgery (continued),D7287,Exfoliative cytological sample collection,Unlimited up to annual maximum,100%,100%
Oral surgery (continued),D7288,Brush biopsy – transepithelial sample collection,Unlimited up to annual maximum,100%,100%
Oral surgery (continued),D7290,Surgical repositioning of teeth,Unlimited up to annual maximum,100%,100%
Extractions,D7310,"Alveoloplasty in conjunction with extractions – four or more teeth or tooth spaces, per quadrant",Unlimited up to annual maximum,100%,100%
Extractions,D7311,"Alveoloplasty in conjunction with extractions – one to three teeth or tooth spaces, per quadrant",Unlimited up to annual maximum,100%,100%
Extractions,D7320,"Alveoloplasty not in conjunction with extractions – four or more teeth or tooth spaces, per quadrant",Unlimited up to annual maximum,100%,100%
Extractions,D7321,"Alveoloplasty not in conjunction with extractions – one to three teeth or tooth spaces, per quadrant",Unlimited up to annual maximum,100%,100%
Oral surgery (continued),D7340,Vestibuloplasty – ridge extension (secondary epithelialization) Vestibuloplasty – ridge extension,Unlimited up to annual maximum,100%,100%
Oral surgery (continued),D7350,"(including soft tissue grafts, muscle reattachment, revision of soft tissue attachment and management of",Unlimited up to annual maximum,100%,100%
Oral surgery (continued),D7450,hypertrophied and hyperplastic tissue) Removal of benign odontogenic cyst or tumor – lesion diameter up to 1.25 cm,Unlimited up to annual maximum,100%,100%
Oral surgery (continued),D7451,Removal of benign odontogenic cyst or tumor – lesion diameter greater than 1.25 cm,Unlimited up to annual maximum,100%,100%
Oral surgery (continued),D7509,Marsupialization of odontogenic cyst,Unlimited up to annual maximum,100%,100%
Intraoral X-rays (inside the mouth),D7510,Incision and drainage of abscess – intraoral soft tissue,Unlimited up to annual maximum,100%,100%
Intraoral X-rays (inside the mouth),D7511,Incision and drainage of abscess – intraoral soft tissue – complicated (includes drainage of multiple fascial spaces),Unlimited up to annual maximum,100%,100%
Oral surgery (continued),D7560,Maxillary sinusotomy for removal of,Unlimited up to annual maximum,100%,100%
Oral surgery (continued),D7921,Collection and application of autologous blood concentrate product,Unlimited up to annual maximum,100%,100%
Oral surgery (continued),D7955,Repair of maxillofacial soft and/or hard tissue defect,Unlimited up to annual maximum,100%,100%
Oral surgery (continued),D7957,"Guided tissue regeneration, edentulous area – non-resorbable barrier, per site",Unlimited up to annual maximum,100%,100%
Oral surgery (continued),D7961,Buccal/labial frenectomy (frenulectomy),Unlimited up to annual maximum,100%,100%
Oral surgery (continued),D7962,Lingual frenectomy (frenulectomy),Unlimited up to annual maximum,100%,100%
Oral surgery (continued),D7963,Frenuloplasty,Unlimited up to annual maximum,100%,100%
Adjunctive general services,D9110,Palliative treatment of dental pain – per visit,Unlimited up to annual maximum,100%,100%
Anesthesia,D9222,"Administration of deep sedation/general anesthesia – first 15 minute increment, or any portion thereof",Unlimited up to annual maximum,100%,100%
Anesthesia,D9223,"Administration of deep sedation/general anesthesia – each subsequent 15 minute increment, or any portion thereof",Unlimited up to annual maximum,100%,100%
Anesthesia,D9239,"Administration of moderate sedation – intravenous – first 15 minute increment, or any portion thereof",Unlimited up to annual maximum,100%,100%
Anesthesia,D9243,"Administration of moderate sedation – intravenous – each subsequent 15 minute increment, or any portion thereof",Unlimited up to annual maximum,100%,100%
Anesthesia,D9246,"Administration of moderate sedation – non-intravenous parenteral – first 15 minute increment, or any portion thereof",Unlimited up to annual maximum,100%,100%
Anesthesia,D9247,"Administration of moderate sedation – non-intravenous parenteral – each subsequent 15 minute increment, or any portion thereof",Unlimited up to annual maximum,100%,100%
"exclusions, subject to clinical review)",D9230,Administration of nitrous oxide,Unlimited up to annual maximum,100%,100%
Miscellaneous services,D9944,"Occlusal guard – hard appliance, full arch",Unlimited up to annual maximum,100%,100%
Miscellaneous services,D9945,"Occlusal guard – soft appliance, full arch",Unlimited up to annual maximum,100%,100%
Miscellaneous services,D9946,"Occlusal guard – hard appliance, partial arch",Unlimited up to annual maximum,100%,100%
Miscellaneous services,D9951,Occlusal adjustment – limited,Unlimited up to annual maximum,100%,100%
Exams,D0120,Periodic Oral Evaluation,"2 of (D0120) every plan year, not within 6 months of D0150",-,-
Exams,D0140,Limited Oral Evaluation,"2 of (D0140, D0160, D9310) every plan year",-,-
Exams,D0150,Comprehensive oral evaluation,1 of (D0150) every 3 plan years; not within 3 plan years of D0120,-,-
Exams,D0160,"Oral evaluation, problem focused","2 of (D0140, D0160, D9310) every plan year",-,-
Additional exam,D0180,Comprehensive Periodontal Evaluation,2 of (D0180) every plan year; not on same date as D0120 or D0150,-,-
Intraoral X-rays (inside the mouth),D0210,"Intraoral, complete series of radiographic images","1 of (D0210, D0330, D0701, D0709) every 3 plan years",-,-
Intraoral X-rays (inside the mouth),D0220,"Intraoral, periapical, first radiographic image",1 of (D0220) per date of service. Maximum number of x-rays on a single date of service limited to a complete mouth series,-,-
Intraoral X-rays (inside the mouth),D0230,"Intraoral, periapical, each add additional radiographic image",4 of (D0230) per date of service. Maximum reimbursement for x-rays on a single date of service limited to the allowed reimbursement for a complete mouth series,-,-
Intraoral X-rays (inside the mouth),D0240,"Intraoral, occlusal radiographic image",1 of (D0240) every plan year,-,-
X-rays,D0251,Extra-oral posterior dental radiographic image,2 of (D0251) every plan year,-,-
Bitewing X-rays,D0270,"Bitewing, single radiographic image",2 of (D0270-D0277) every plan year. Maximum reimbursement for a single date of service limited to the allowed reimbursement for a complete mouth series,-,-
Bitewing X-rays,D0272,"Bitewings, two radiographic images",2 of (D0270-D0277) every plan year. Maximum reimbursement for a single date of service limited to the allowed reimbursement for a complete mouth series,-,-
Bitewing X-rays,D0273,"Bitewings, three radiographic images",2 of (D0270-D0277) every plan year. Maximum reimbursement for a single date of service limited,-,-
Bitewing X-rays,D0274,"Bitewings, four radiographic images",2 of (D0270-D0277) every plan year. Maximum reimbursement for a single date of service limited to the allowed reimbursement for a complete mouth series,-,-
Bitewing X-rays,D0277,Vertical bitewings – 7 to 8 radiographic images,2 of (D0270-D0277) every plan year. Maximum reimbursement for a single date of service limited to the allowed reimbursement for a complete mouth series,-,-
X-rays,D0330,Panoramic radiographic image,"1 of (D0210, D0330, D0701, D0709) every 3 plan years. Maximum reimbursement for a single date of service limited to the allowed reimbursement for a complete mouth series",-,-
X-rays,D0350,"2D oral/facial photographic image, intra-orally/extra-orally",1 of (D0350) every 3 plan years,-,-
Diagnostic (Preventive) Services,D0391,"Interpretation of diagnostic image by a practitioner not associated with capture of image, including report","1 of (D0391) per date of service; allowed only when submitted along with (D0701, D0703, D0706-D0709)",-,-
Endodontics,D0460,Pulp Vitality Test,1 of (D0460) per visit,-,-
X-rays,D0701,Panoramic radiographic image - image capture only,"1 of (D0210, D0330, D0701, D0709) every 3 plan years",-,-
X-rays,D0703,2-D photographic image - image capture only,1 of (D0703) every 3 plan years,-,-
Intraoral X-rays (inside the mouth),D0706,Intraoral - occlusal radiographic image - image capture only,2 of (D0706) every plan year,-,-
Intraoral X-rays (inside the mouth),D0707,Intraoral - periapical radiographic image - image capture only,1 of (D0707) per date of service,-,-
Bitewing X-rays,D0708,Intraoral - bitewing radiographic image - image capture only,2 of (D0708) every plan year,-,-
Intraoral X-rays (inside the mouth),D0709,Intraoral - complete series of radiographic images - image capture only,"1 of (D0210, D0330, D0701, D0709) every 3 plan years",-,-
Prophylaxis adult,D1110,"Prophylaxis, adult",2 of (D1110) every plan year,-,-
Fluoride treatment,D1206,Fluoride varnish,"1 of (D1206, D1208) every plan year",-,-
Fluoride treatment,D1208,"Topical application of fluoride, excluding varnish","1 of (D1206, D1208) every plan year",-,-
Diagnostic (Preventive) Services,D1355,Application of a caries preventive medicament,One of (D1355) per tooth per 6 months,-,-
Adjunctive general services,D9310,"Consultation, other than requesting dentist","2 of (D0140, D0160, D9310) every plan year",-,-
Amalgam,D2140,"Amalgam, one surface, primary or permanent","1 of (D2140-D2335, D2391 - D2394) per surface, per tooth, every 2 plan years",-,-
Amalgam,D2150,"Amalgam, two surfaces, primary or permanent","1 of (D2140-D2335, D2391 - D2394) per surface, per tooth, every 2 plan years",-,-
Amalgam,D2160,"Amalgam, three surfaces, primary or permanent","1 of (D2140-D2335, D2391 - D2394) per surface, per tooth, every 2 plan years",-,-
Amalgam,D2161,"Amalgam, four or more surfaces, primary or permanent","1 of (D2140-D2335, D2391 - D2394) per surface, per tooth, every 2 plan years",-,-
Resin-based composite,D2330,"Resin-based composite, one surface, anterior","1 of (D2140-D2335, D2391 - D2394) per surface, per tooth, every 2 plan years",-,-
Resin-based composite,D2331,"Resin-based composite, two surfaces, anterior","1 of (D2140-D2335, D2391 - D2394) per surface, per tooth, every 2 plan years",-,-
Resin-based composite,D2332,"Resin-based composite, three surfaces, anterior","1 of (D2140-D2335, D2391 - D2394) per surface, per tooth, every 2 plan years",-,-
Resin-based composite,D2335,"Resin-based composite, four or more surfaces, involving incisal angle","1 of (D2140-D2335, D2391 - D2394) per surface, per tooth, every 2 plan years",-,-
Resin-based composite,D2390,"Resin-based composite crown, anterior","1 of (D2390) per tooth, every 2 plan years. Must have at least 50% remaining bone support",-,-
Resin-based composite,D2391,"Resin-based composite, one surface, posterior","1 of (D2140-D2335, D2391 - D2394) per surface, per tooth, every 2 plan years",-,-
Resin-based composite,D2392,"Resin-based composite, two surfaces, posterior","1 of (D2140-D2335, D2391 - D2394) per surface, per tooth, every 2 plan years",-,-
Resin-based composite,D2393,"Resin-based composite, three surfaces, posterior","1 of (D2140-D2335, D2391 - D2394) per surface, per tooth, every 2 plan years",-,-
Resin-based composite,D2394,"Resin-based composite, four or more surfaces, posterior","1 of (D2140-D2335, D2391 - D2394) per surface, per tooth, every 2 plan years",-,-
Resin-based composite,D2710P,"Crown, resin-based composite (indirect)","1 of (D2710, D2720, D2721, D2722, D2740, D2750, D2751, D2752, D2753, D2790, D2791, D2792, D2794) every plan year; one per tooth every 7 plan years. Requires extensive loss of tooth structure due to decay or fracture; requires at least 50% remaining bone support",-,-
Resin-based composite,D2720P,"Crown, resin-based composite (indirect)","1 of (D2710, D2720, D2721, D2722, D2740, D2750, D2751, D2752, D2753, D2790, D2791, D2792, D2794) per tooth every 7 plan years. Requires extensive loss of tooth structure due to decay or",-,-
Crowns,D2721P,"Crown, resin with predominantly base metal","1 of (D2710, D2720, D2721, D2722, D2740, D2750, D2751, D2752, D2753, D2790, D2791, D2792, D2794) per tooth every 7 plan years. Requires extensive loss of tooth structure due to decay or fracture; requires at least 50% remaining bone support",-,-
Crowns,D2722P,"Crown, resin with noble metal","1 of (D2710, D2720, D2721, D2722, D2740, D2750, D2751, D2752, D2753, D2790, D2791, D2792, D2794) per tooth every 7 plan years. Requires extensive loss of tooth structure due to decay or fracture; requires at least 50% remaining bone support",-,-
Crowns,D2740P,"Crown, porcelain/ceramic","1 of (D2710, D2720, D2721, D2722, D2740, D2750, D2751, D2752, D2753, D2790, D2791, D2792, D2794) per tooth every 7 plan years. Requires extensive loss of tooth structure due to decay or fracture; requires at least 50% remaining bone support",-,-
Crowns,D2750P,Crown - porcelain fused to high noble metal,"1 of (D2710, D2720, D2721, D2722, D2740, D2750, D2751, D2752, D2753, D2790, D2791, D2792, D2794) per tooth every 7 plan years. Requires extensive loss of tooth structure due to decay or fracture; requires at least 50% remaining bone support",-,-
Crowns,D2751P,"Crown, porcelain fused to predominantly base metal","1 of (D2710, D2720, D2721, D2722, D2740, D2750, D2751, D2752, D2753, D2790, D2791, D2792, D2794) per tooth every 7 plan years. Requires extensive loss of tooth structure due to decay or fracture; requires at least 50% remaining bone support",-,-
Crowns,D2752P,"Crown, porcelain fused to noble metal","1 of (D2710, D2720, D2721, D2722, D2740, D2750, D2751, D2752, D2753, D2790, D2791, D2792, D2794) per tooth every 7 plan years. Requires extensive loss of tooth structure due to decay or fracture; requires at least 50% remaining bone support",-,-
Crowns,D2753P,"Crown, porcelain fused to titanium alloy","1 of (D2710, D2720, D2721, D2722, D2740, D2750, D2751, D2752, D2753, D2790, D2791, D2792, D2794) per tooth every 7 plan years. Requires",-,-
Crowns,D2790P,Crown - full cast high noble metal,"1 of (D2710, D2720, D2721, D2722, D2740, D2750, D2751, D2752, D2753, D2790, D2791, D2792, D2794) per tooth every 7 plan years. Requires extensive loss of tooth structure due to decay or fracture; requires at least 50% remaining bone support",-,-
Crowns,D2791P,"Crown, full cast predominantly base metal","1 of (D2710, D2720, D2721, D2722, D2740, D2750, D2751, D2752, D2753, D2790, D2791, D2792, D2794) per tooth every 7 plan years. Requires extensive loss of tooth structure due to decay or fracture; requires at least 50% remaining bone support",-,-
Crowns,D2792P,"Crown, full cast noble metal","1 of (D2710, D2720, D2721, D2722, D2740, D2750, D2751, D2752, D2753, D2790, D2791, D2792, D2794) per tooth every 7 plan years. Requires extensive loss of tooth structure due to decay or fracture; requires at least 50% remaining bone support",-,-
Crowns,D2794P,Crown - titanium,"1 of (D2710, D2720, D2721, D2722, D2740, D2750, D2751, D2752, D2753, D2790, D2791, D2792, D2794) per tooth every 7 plan years. Requires extensive loss of tooth structure due to decay or fracture; requires at least 50% remaining bone support",-,-
Inlay/Onlay restorations,D2910,"Re-cement or re-bond inlay, onlay, veneer, or partial coverage",1 of (D2910-D2920) per tooth every plan year; not covered within 6 months of delivery,-,-
Diagnostic (Preventive) Services,D2915,Re-cement or re-bond indirectly fabricated/prefabricated post & core,1 of (D2910-D2920) per tooth every plan year; not covered within 6 months of delivery,-,-
Crowns,D2920,Re-cement or re-bond crown,1 of (D2910-D2920) per tooth every plan year; not covered within 6 months of delivery,-,-
Crowns,D2928,Prefabricated porcelain/ceramic crown,"1 of (D2928, D2931) every 3 plan years per tooth. Exclude third molars, except when medically necessary. Must have 50% bone support at minimum",-,-
Crowns,D2931,"Prefabricated stainless steel crown, permanent tooth","1 of (D2928, D2931) every 3 plan years per tooth. Exclude third molars, except when medically necessary. Must have 50% bone support at minimum",-,-
Diagnostic (Preventive) Services,D2950P,"Core buildup, including any pins when required","1 of (D2950, D2952-D2954, D2957) per tooth every 7 plan years. Must be necessary to provide retention for an approved crown",-,-
Diagnostic (Preventive) Services,D2951,"Pin retention, per tooth, in addition to restoration",1 of (D2951) per tooth every 7 plan years,-,-
Crowns,D2952P,"Post and core in addition to crown, indirectly fabricated","1 of (D2950, D2952-D2954, D2957) per tooth every 7 plan years. Must be necessary to provide retention for an approved crown",-,-
Diagnostic (Preventive) Services,D2953P,"Each additional indirectly fabricated post, same tooth","1 of (D2950, D2952-D2954, D2957) per tooth every 7 plan years. Must be necessary to provide retention for an approved crown",-,-
Crowns,D2954P,Prefabricated post and core in addition to crown,"1 of (D2950, D2952-D2954, D2957) per tooth every 7 plan years. Must be necessary to provide retention for an approved crown",-,-
Diagnostic (Preventive) Services,D2955,Post removal,1 (D2955) per tooth every 7 plan years,-,-
Diagnostic (Preventive) Services,D2957,"Each additional prefabricated post, same tooth","1 of (D2950, D2952-D2954, D2957) per tooth every 7 plan years. Must be necessary to provide retention for an approved crown",-,-
Crowns,D2971,Additional procedure to customize a crown to fit under an existing partial denture framework,1 (D2971) per tooth every 7 plan years,-,-
Crowns,D2980,Crown repair necessitated by restorative material failure,1 of (D2980) per tooth every 3 plan years,-,-
"Pulp cap, direct",D3110,excluding final restoration,"1 of (D3110, D3120, D3220) per tooth per lifetime; requires at least 50% remaining bone support",-,-
"Pulp cap, indirect",D3120,excluding final restoration,"1 of (D3110, D3120, D3220) per tooth per lifetime; requires at least 50% remaining bone support",-,-
Therapeutic pulpotomy,D3220,excluding final restoration,"1 of (D3110, D3120, D3220) per tooth per lifetime; requires at least 50% remaining bone support",-,-
"Endodontic therapy, anterior tooth",D3310,excluding final restoration,1 of (D3310-D3330) per tooth per lifetime; requires at least 50% remaining bone support,-,-
"Endodontic therapy, premolar tooth",D3320,excluding final restoration,1 of (D3310-D3330) per tooth per lifetime; requires at least 50% remaining bone support,-,-
"Endodontic therapy, molar tooth",D3330,excluding final restoration,1 of (D3310-D3330) per tooth per lifetime; requires at least 50% remaining bone support,-,-
Endodontics,D3331,Treatment of root canal obstruction; non-surgical access,1 of (D3331-D3333) per tooth per lifetime; requires at least 50% remaining bone support,-,-
Diagnostic (Preventive) Services,D3332,"Incomplete endodontic therapy; inoperable, unrestorable, fractured tooth",1 of (D3331-D3333) per tooth per lifetime; requires at least 50% remaining bone support,-,-
Diagnostic (Preventive) Services,D3333,Internal root repair of perforation defects,1 of (D3331-D3333) per tooth per lifetime; requires at least 50% remaining bone support,-,-
Endodontics,D3346,"Retreatment of previous root canal therapy, anterior",1 of (D3346-D3348) per tooth per lifetime; requires at least 50% remaining bone support; retreatment not payable to same provider within 1 plan year of original root canal treatment,-,-
Endodontics,D3347,"Retreatment of previous root canal therapy, premolar",1 of (D3346-D3348) per tooth per lifetime; requires at least 50% remaining bone support; retreatment not payable to same provider within 1 plan year of original root canal treatment,-,-
Endodontics,D3348,"Retreatment of previous root canal therapy, molar",1 of (D3346-D3348) per tooth per lifetime; requires at least 50% remaining bone support; retreatment not payable to same provider within 1 plan year of original root canal treatment,-,-
Diagnostic (Preventive) Services,D3351,"Apexification/recalcification, initial visit",1 of (D3351- D3353) per tooth per lifetime; not allowed if by same provider or provider group,-,-
Diagnostic (Preventive) Services,D3352,"Apexification/recalcification, interim medication replacement",1 of (D3351- D3353) per tooth per lifetime; not allowed if by same provider or provider group,-,-
Diagnostic (Preventive) Services,D3353,"Apexification/recalcification, final visit",1 of (D3351- D3353) per tooth per lifetime; not allowed if by same provider or provider group,-,-
Crowns,D4322,Splint - intra-coronal; natural teeth or prosthetic crowns,1 of (D4322-D4323) per arch every 3 plan years,-,-
Crowns,D4323,Splint - extra-coronal; natural teeth or prosthetic crowns,1 of (D4322-D4323) per arch every 3 plan years,-,-
Diagnostic (Preventive) Services,D4341P,Deep cleaning for 4 or more teeth in a quadrant,1 of (D4341-D4342) per quadrant every 2 plan years; only two quadrants allowed on same date of service,-,-
Diagnostic (Preventive) Services,D4342P,Deep cleaning for 1-3 teeth in a quadrant,1 of (D4341-D4342) per quadrant every 2 plan years; only two quadrants allowed on same date of service,-,-
Periodontics,D4346,"Scaling in presence of moderate or severe inflammation, full mouth after evaluation","1 (D4346) every 2 plan years, not allowed within six months of D1110, D4341, D4342, D4355, or D4910",-,-
Exams,D4355,full mouth debridement to enable comprehensive oral evaluation and diagnosis on subsequent visit,"1 of (D4355) every 2 plan years not allowed same DOS as D0180 or within 6 months of D0120, D0150 or D0180",-,-
Diagnostic (Preventive) Services,D4381,Localized delivery of antimicrobial agent/per tooth,8 of (D4381) every 2 plan years; at least 28 days after D4341 or D4342; requires evidence of pockets 5 mm or greater with persistent inflammation,-,-
Diagnostic (Preventive) Services,D4910,Periodontal maintenance,2 of (D4910) every plan year; not within 90 days of D1110,-,-
Unscheduled dressing change,D4920,other than treating dentist or staff,1 of (D4920) every plan year per procedure,-,-
Dentures,D6930,Re-cement or re-bond fixed partial denture,1 of (D6930) per tooth every 2 plan years; not payable within 6 months of delivery,-,-
Extractions,D7140,"Extraction, erupted tooth or exposed root",1 of (D7140-D7251) per tooth per lifetime; D7250 requires evidence of previous failed extraction with retained root and not by same provider or group,-,-
Extractions,D7210P,"Extraction, erupted tooth requiring removal of bone and/or sectioning of tooth",1 of (D7140-D7251) per tooth per lifetime; D7250 requires evidence of previous failed extraction with retained root and not by same provider or group,-,-
Diagnostic (Preventive) Services,D7220,"Removal of impacted tooth, soft tissue",1 of (D7140-D7251) per tooth per lifetime; D7250 requires evidence of previous failed extraction with retained root and not by same provider or group,-,-
Diagnostic (Preventive) Services,D7230,"Removal of impacted tooth, partially bony",1 of (D7140-D7251) per tooth per lifetime; D7250 requires evidence of previous failed extraction with retained root and not by same provider or group,-,-
Diagnostic (Preventive) Services,D7240,"Removal of impacted tooth, completely bony",1 of (D7140-D7251) per tooth per lifetime; D7250 requires evidence of previous failed extraction with retained root and not by same provider or group,-,-
Diagnostic (Preventive) Services,D7241,"Removal impacted tooth, complete bony, complication",1 of (D7140-D7251) per tooth per lifetime; D7250 requires evidence of previous failed extraction with retained root and not by same provider or group,-,-
Diagnostic (Preventive) Services,D7250P,Removal of residual tooth roots (cutting procedure),1 of (D7140-D7251) per tooth per lifetime; D7250 requires evidence of previous failed extraction with retained root and not by same provider or group,-,-
Diagnostic (Preventive) Services,D7251,"Coronectomy - intentional partial tooth removal, impacted teeth only",1 of (D7140-D7251) per tooth per lifetime; D7250 requires evidence of previous failed extraction with retained root and not by same provider or group,-,-
Diagnostic (Preventive) Services,D7260,Oroantral fistula closure,"1 of (D7260, D7261) per quadrant per date of service",-,-
Diagnostic (Preventive) Services,D7261,Primary closure of a sinus perforation,"1 of (D7260, D7261) per quadrant per date of service",-,-
Implants,D7270,"Tooth reimplantation and/or stabilization, accident",1 of (D7270-D7282) per tooth per lifetime,-,-
Diagnostic (Preventive) Services,D7272,Tooth transplantation,1 of (D7270-D7282) per tooth per lifetime,-,-
Diagnostic (Preventive) Services,D7280,Exposure of an unerupted tooth,1 of (D7270-D7282) per tooth per lifetime,-,-
Diagnostic (Preventive) Services,D7282,Mobilization of erupted/malpositioned tooth,1 of (D7270-D7282) per tooth per lifetime,-,-
Diagnostic (Preventive) Services,D7285,"Incisional biopsy of oral tissue, hard (bone, tooth)","1 of (D7285, D7286, D7288) every 2 plan years; 1 of (D7287) per site every 2 plan years",-,-
Diagnostic (Preventive) Services,D7286,"Incisional biopsy of oral tissue, soft","1 of (D7285, D7286, D7288) every 2 plan years; 1 of (D7287) per site every 2 plan years",-,-
Diagnostic (Preventive) Services,D7287,Exfoliative cytological sample collection,"1 of (D7285, D7286, D7288) every 2 plan years; 1 of (D7287) per site every 2 plan years",-,-
Diagnostic (Preventive) Services,D7288,"Brush biopsy, transepithelial sample collection","1 of (D7285, D7286, D7288) every 2 plan years; 1 of (D7287) per site every 2 plan years",-,-
Extractions,D7310P,"Alveoloplasty with extractions, four or more teeth per quadrant",1 of (D7310-D7321) per quadrant per lifetime. Only in preparation for a treatment planned complete denture or partial denture with an edentulous space of at least three contiguous teeth,-,-
Extractions,D7311P,"Alveoloplasty with extractions, one to three teeth per quadrant",1 of (D7310-D7321) per quadrant per lifetime. Only in preparation for a treatment planned complete denture or partial denture with an edentulous space of at least three contiguous teeth,-,-
Extractions,D7320P,"Alveoloplasty, w/o extractions, four or more teeth per quadrant",1 of (D7310-D7321) per quadrant per lifetime. Only in preparation for a treatment planned complete denture or partial denture with an edentulous space of at least three contiguous teeth,-,-
Extractions,D7321P,"Alveoloplasty, w/o extractions, one to three teeth per quadrant",1 of (D7310-D7321) per quadrant per lifetime. Only in preparation for a treatment planned complete denture or partial denture with an edentulous space of at least three contiguous teeth,-,-
Diagnostic (Preventive) Services,D7340,"Vestibuloplasty, ridge extension (2nd epithelialization)","1 of (D7340, D7350) per quadrant every 5 plan years",-,-
Diagnostic (Preventive) Services,D7350,"Vestibuloplasty, ridge extension","1 of (D7340, D7350) per quadrant every 5 plan years",-,-
Diagnostic (Preventive) Services,D7410,"Excision of benign lesion, up to 1.25 cm",1 of (D7410-D7465) per date of service,-,-
Diagnostic (Preventive) Services,D7411,"Excision of benign lesion, greater than 1.25 cm",1 of (D7410-D7465) per date of service,-,-
Diagnostic (Preventive) Services,D7412,"Excision of benign lesion, complicated",1 of (D7410-D7465) per date of service,-,-
Diagnostic (Preventive) Services,D7413,"Excision of malignant lesion, up to 1.25 cm",1 of (D7410-D7465) per date of service,-,-
Diagnostic (Preventive) Services,D7414,"Excision of malignant lesion, greater than 1.25 cm",1 of (D7410-D7465) per date of service,-,-
Diagnostic (Preventive) Services,D7415,"Excision of malignant lesion, complicated",1 of (D7410-D7465) per date of service,-,-
Diagnostic (Preventive) Services,D7440,"Excision of malignant tumor, up to 1.25 cm",1 of (D7410-D7465) per date of service,-,-
Diagnostic (Preventive) Services,D7441,"Excision of malignant tumor, greater than 1.25 cm",1 of (D7410-D7465) per date of service,-,-
Diagnostic (Preventive) Services,D7450,"Removal, benign odontogenic cyst/tumor, up to 1.25 cm",1 of (D7410-D7465) per date of service,-,-
Diagnostic (Preventive) Services,D7451,"Removal, benign odontogenic cyst/tumor, greater than 1.25 cm",1 of (D7410-D7465) per date of service,-,-
Diagnostic (Preventive) Services,D7460,"Removal, benign nonodontogenic cyst/tumor, up to 1.25 cm",1 of (D7410-D7465) per date of service,-,-
Diagnostic (Preventive) Services,D7461,"Removal, benign nonodontogenic cyst/tumor, greater than 1.25 cm",1 of (D7410-D7465) per date of service,-,-
Diagnostic (Preventive) Services,D7465,"Destruction of lesion(s) by physical or chemical method, by report",1 of (D7410-D7465) per date of service,-,-
Diagnostic (Preventive) Services,D7471,"Removal of lateral exostosis, maxilla or mandible",1 of (D7471) per arch per lifetime,-,-
Diagnostic (Preventive) Services,D7472,Removal of torus palatinus,1 of (D7472) per lifetime,-,-
Diagnostic (Preventive) Services,D7473,Removal of torus mandibularis,1 of (D7473) per quadrant per lifetime,-,-
Periodontics,D7485,Reduction of osseous tuberosity,1 of (D7485) per quadrant per lifetime,-,-
Diagnostic (Preventive) Services,D7509,Marsupialization of odontogenic cyst,1 of (D7509) per date of service,-,-
Intraoral X-rays (inside the mouth),D7510,"Incision & drainage of abscess, intraoral soft tissue",1 of (D7510-D7540) per date of service,-,-
Intraoral X-rays (inside the mouth),D7511,"Incision & drainage of abscess, intraoral soft tissue, complicated",1 of (D7510-D7540) per date of service,-,-
Diagnostic (Preventive) Services,D7520,"Incision & drainage of abscess, extraoral soft tissue",1 of (D7510-D7540) per date of service,-,-
Diagnostic (Preventive) Services,D7521,"Incision & drainage of abscess, extraoral soft tissue, complicated",1 of (D7510-D7540) per date of service,-,-
Diagnostic (Preventive) Services,D7530,"Remove foreign body, mucosa, skin, tissue",1 of (D7510-D7540) per date of service,-,-
Diagnostic (Preventive) Services,D7540,"Removal of reaction producing foreign bodies, musculoskeletal system",1 of (D7510-D7540) per date of service,-,-
Diagnostic (Preventive) Services,D7970,"Excision of hyperplastic tissue, per arch",1 of (D7970) per arch every 5 plan years,-,-
Periodontics,D7971,Excision of pericoronal gingiva,1 of (D7971) per tooth per lifetime,-,-
Diagnostic (Preventive) Services,D7972,Surgical Reduction of Fibrous Tuberosity,1 of (D7972) per maxillary quadrant per lifetime,-,-
Diagnostic (Preventive) Services,D9110,"Palliative (emergency) treatment, minor procedure",1 of (D9110) every plan year,-,-
Dentures,D9120,Fixed Partial Denture Sectioning,1 of (D9120) every plan year,-,-
Diagnostic (Preventive) Services,D9410,House/Extended Care Facility Call,"1 of (D9410, D9420, D9997) per date of service",-,-
Diagnostic (Preventive) Services,D9420,Hospital or ambulatory surgical center call,"1 of (D9410, D9420, D9997) per date of service",-,-
Diagnostic (Preventive) Services,D9995,Teledentistry - synchronous; real- time encounter,1 of (D9995-D9996) per date of service,-,-
Diagnostic (Preventive) Services,D9996,Teledentistry - asynchronous; information stored and forwarded to dentist for subsequent review,1 of (D9995-D9996) per date of service,-,-
Diagnostic (Preventive) Services,D9997,Dental Case Management - patients with special needs,"1 of (D9410, D9420, D9997) per date of service",-,-
Oral Exam,D0120,Periodic oral evaluation,2 of (D0120-D0180) every calendar year,-,-
Oral Exam,D0140,Limited oral evaluation,2 of (D0120-D0180) every calendar year,-,-
Oral Exam,D0150,Comprehensive oral evaluation,2 of (D0120-D0180) every calendar year,-,-
Oral Exam,D0160,"Oral evaluation, problem focused",2 of (D0120-D0180) every calendar year,-,-
Oral Exam,D0170,established patient; not post-operative visit,2 of (D0120-D0180) every calendar year,-,-
Oral Exam,D0171,"Re-evaluation, post operative office visit",2 of (D0120-D0180) every calendar year,-,-
Oral Exam,D0180,Comprehensive periodontal evaluation,2 of (D0120-D0180) every calendar year,-,-
Dental X-Rays,D0210,"Intraoral, comprehensive series of radiographic images","1 of (D0210, D0330, D0709) every 3 calendar years",-,-
Dental X-Rays,D0220,"Intraoral, periapical, first radiographic image",-,-,-
Dental X-Rays,D0230,"Intraoral, periapical, each add 'l radiographic image",-,-,-
Dental X-Rays,D0270,"Bitewing, single radiographic image","2 of (D0270-D0274, D0708) every calendar year",-,-
Dental X-Rays,D0272,"Bitewings, two radiographic images","2 of (D0270-D0274, D0708) every calendar year",-,-
Dental X-Rays,D0273,"Bitewings, three radiographic images","2 of (D0270-D0274, D0708) every calendar year",-,-
Dental X-Rays,D0274,"Bitewings, four radiographic images","2 of (D0270-D0274, D0708) every calendar year",-,-
Dental X-Rays,D0277,"Vertical bitewings, 7 to 8 radiographic images",1 (D0277) every 3 calendar years,-,-
Dental X-Rays,D0330,Panoramic radiographic image,"1 of (D0210, D0330, D0709) every 3 calendar years",-,-
Other Diagnostic Services,D0364,"Cone beam CT capture & interpretation, limited view, less than one whole jaw",-,-,-
Other Diagnostic Services,D0365,"Cone beam CT capture & interpretation, view of one full arch, mandible",-,-,-
Other Diagnostic Services,D0366,"Cone beam CT capture & interpretation, view of one full arch, maxilla, cranium",-,-,-
Other Diagnostic Services,D0367,"Cone beam CT capture & interpretation, view of both jaws; cranium",-,-,-
Other Diagnostic Services,D0368,Cone beam CT capture and interpretation for TMJ series including two or more exposures,-,-,-
Other Diagnostic Services,D0380,"Cone beam CT image capture with limited field of view, less than one whole jaw",-,-,-
Other Diagnostic Services,D0381,"Cone beam CT image capture with field of view of one full dental arch, mandible",-,-,-
Other Diagnostic Services,D0382,"Cone beam CT image capture with field of view of one full dental arch, maxilla",-,-,-
Other Diagnostic Services,D0383,Cone beam CT image capture with field of view of both jaws,-,-,-
Other Diagnostic Services,D0384,Cone beam CT image capture for TMJ series including two or more exposures,-,-,-
Other Diagnostic Services,D0460,Pulp vitality tests,-,-,-
Other Diagnostic Services,D0707,"Intraoral, periapical radiographic image, image capture only",-,-,-
Other Diagnostic Services,D0708,"Intraoral, bitewing radiographic image, image capture only","2 of (D0270-D0274, D0708) every calendar year",-,-
Other Diagnostic Services,D0709,"Intraoral, comprehensive series of radiographic images, image capture only","1 of (D0210, D0330, D0709) every 3 calendar years",-,-
Prophylaxis (Cleaning),D1110,"Prophylaxis, adult","2 of (D1110, D4346, D4910) every calendar year",-,-
Fluoride Treatment,D1206,Topical application of fluoride varnish,"2 of (D1206, D1208) every calendar year",-,-
Fluoride Treatment,D1208,"Topical application of fluoride, excluding varnish","2 of (D1206, D1208) every calendar year",-,-
Other Preventive Dental Services,D1354,"Application of caries arresting medicament, per tooth",-,-,-
Other Preventive Dental Services,D1355,"Caries preventive medicament application, per tooth",-,-,-
Restorative Services,D2140,"Amalgam, one surface, primary or permanent","1 of (D2140-D2394) per surface, per tooth every 2 calendar years",-,-
Restorative Services,D2150,"Amalgam, two surfaces, primary or permanent","1 of (D2140-D2394) per surface, per tooth every 2 calendar years",-,-
Restorative Services,D2160,"Amalgam, three surfaces, primary or permanent","1 of (D2140-D2394) per surface, per tooth every 2 calendar years",-,-
Restorative Services,D2161,"Amalgam, four or more surfaces, primary or permanent","1 of (D2140-D2394) per surface, per tooth every 2 calendar years",-,-
Restorative Services,D2330,"Resin-based composite, one surface, anterior","1 of (D2140-D2394) per surface, per tooth every 2 calendar years",-,-
Restorative Services,D2331,"Resin-based composite, two surfaces, anterior","1 of (D2140-D2394) per surface, per tooth every 2 calendar years",-,-
Restorative Services,D2332,"Resin-based composite, three surfaces, anterior","1 of (D2140-D2394) per surface, per tooth every 2 calendar years",-,-
Restorative Services,D2335,"Resin-based composite, four or more surfaces, involving incisal angle","1 of (D2140-D2394) per surface, per tooth every 2 calendar years",-,-
Restorative Services,D2390,"Resin-based composite crown, anterior",1 (D2390) per tooth every 2 calendar years,-,-
Restorative Services,D2391,"Resin-based composite, one surface, posterior","1 of (D2140-D2394) per surface, per tooth every 2 calendar years",-,-
Restorative Services,D2392,"Resin-based composite, two surfaces, posterior","1 of (D2140-D2394) per surface, per tooth every 2 calendar years",-,-
Restorative Services,D2393,"Resin-based composite, three surfaces, posterior","1 of (D2140-D2394) per surface, per tooth every 2 calendar years",-,-
Restorative Services,D2394,"Resin-based composite, four or more surfaces, posterior","1 of (D2140-D2394) per surface, per tooth every 2 calendar years",-,-
Restorative Services,D2542,"Onlay, metallic, two surfaces","1 of (D2542-D2794, D6205-D6794) per tooth every 5 calendar years",-,-
Restorative Services,D2543,"Onlay, metallic, three surfaces","1 of (D2542-D2794, D6205-D6794) per tooth every 5 calendar years",-,-
Restorative Services,D2544,"Onlay, metallic, four or more surfaces","1 of (D2542-D2794, D6205-D6794) per tooth every 5 calendar years",-,-
Restorative Services,D2620,"Inlay, porcelain/ceramic, two surfaces","1 of (D2542-D2794, D6205-D6794) per tooth every 5 calendar years",-,-
Restorative Services,D2630,"Inlay, porcelain/ceramic, three or more surfaces","1 of (D2542-D2794, D6205-D6794) per tooth every 5 calendar years",-,-
Restorative Services,D2642,"Onlay, porcelain/ceramic, two surfaces","1 of (D2542-D2794, D6205-D6794) per tooth every 5 calendar years",-,-
Restorative Services,D2643,"Onlay, porcelain/ceramic, three surfaces","1 of (D2542-D2794, D6205-D6794) per tooth every 5 calendar years",-,-
Restorative Services,D2644,"Onlay, porcelain/ceramic, four or more surfaces","1 of (D2542-D2794, D6205-D6794) per tooth every 5 calendar years",-,-
Restorative Services,D2651,"Inlay, resin-based composite, two surfaces","1 of (D2542-D2794, D6205-D6794) per tooth every 5 calendar years",-,-
Restorative Services,D2652,"Inlay, resin-based composite, three or more surfaces","1 of (D2542-D2794, D6205-D6794) per tooth every 5 calendar years",-,-
Restorative Services,D2662,"Onlay, resin-based composite, two surfaces","1 of (D2542-D2794, D6205-D6794) per tooth every 5 calendar years",-,-
Restorative Services,D2663,"Onlay, resin-based composite, three surfaces","1 of (D2542-D2794, D6205-D6794) per tooth every 5 calendar years",-,-
Restorative Services,D2664,"Onlay, resin-based composite, four or more surfaces","1 of (D2542-D2794, D6205-D6794) per tooth every 5 calendar years",-,-
Restorative Services,D2710,"Crown, resin-based composite (indirect)","1 of (D2542-D2794, D6205-D6794) per tooth every 5 calendar years",-,-
Restorative Services,D2712,"Crown, ¾ resin-based composite (indirect)","1 of (D2542-D2794, D6205-D6794) per tooth every 5 calendar years",-,-
Restorative Services,D2720,"Crown, resin with high noble metal","1 of (D2542-D2794, D6205-D6794) per tooth every 5 calendar years",-,-
Restorative Services,D2721,"Crown, resin with predominantly base metal","1 of (D2542-D2794, D6205-D6794) per tooth every 5 calendar years",-,-
Restorative Services,D2722,"Crown, resin with noble metal","1 of (D2542-D2794, D6205-D6794) per tooth every 5 calendar years",-,-
Restorative Services,D2740,"Crown, porcelain/ceramic","1 of (D2542-D2794, D6205-D6794) per tooth every 5 calendar years",-,-
Restorative Services,D2750,"Crown, porcelain fused to high noble metal","1 of (D2542-D2794, D6205-D6794) per tooth every 5 calendar years",-,-
Restorative Services,D2751,"Crown, porcelain fused to predominantly base metal","1 of (D2542-D2794, D6205-D6794) per tooth every 5 calendar years",-,-
Restorative Services,D2752,"Crown, porcelain fused to noble metal","1 of (D2542-D2794, D6205-D6794) per tooth every 5 calendar years",-,-
Restorative Services,D2753,"Crown, porcelain fused to titanium and titanium alloys","1 of (D2542-D2794, D6205-D6794) per tooth every 5 calendar years",-,-
Restorative Services,D2780,"Crown, ¾ cast high noble metal","1 of (D2542-D2794, D6205-D6794) per tooth every 5 calendar years",-,-
Restorative Services,D2781,"Crown, ¾ cast predominantly base metal","1 of (D2542-D2794, D6205-D6794) per tooth every 5 calendar years",-,-
Restorative Services,D2782,"Crown, ¾ cast noble metal","1 of (D2542-D2794, D6205-D6794) per tooth every 5 calendar years",-,-
Restorative Services,D2783,"Crown, ¾ porcelain/ceramic","1 of (D2542-D2794, D6205-D6794) per tooth every 5 calendar years",-,-
Restorative Services,D2790,"Crown, full cast high noble metal","1 of (D2542-D2794, D6205-D6794) per tooth every 5 calendar years",-,-
Restorative Services,D2791,"Crown, full cast predominantly base metal","1 of (D2542-D2794, D6205-D6794) per tooth every 5 calendar years",-,-
Restorative Services,D2792,"Crown, full cast noble metal","1 of (D2542-D2794, D6205-D6794) per tooth every 5 calendar years",-,-
Restorative Services,D2794,"Crown, titanium and titanium alloys","1 of (D2542-D2794, D6205-D6794) per tooth every 5 calendar years",-,-
Restorative Services,D2910,"Re-cement or re-bond inlay, onlay, veneer, or partial coverage",-,-,-
Restorative Services,D2915,Re-cement or re-bond indirectly fabricated/prefabricated post & core,-,-,-
Restorative Services,D2920,Re-cement or re-bond crown,-,-,-
Restorative Services,D2921,"Reattachment of tooth fragment, incisal edge or cusp",-,-,-
Restorative Services,D2928,"Prefabricated porcelain/ceramic crown, permanent tooth",-,-,-
Restorative Services,D2950,"Core buildup, including any pins when required",1 (D2950) per tooth every 5 calendar years,-,-
Restorative Services,D2951,"Pin retention, per tooth, in addition to restoration",1 (D2951) per tooth every 5 calendar years,-,-
Restorative Services,D2952,"Post and core in addition to crown, indirectly fabricated","1 of (D2952, D2954) per tooth every 5 calendar years",-,-
Restorative Services,D2953,"Each additional indirectly fabricated post, same tooth","1 of (D2953, D2957) per tooth every 5 calendar years",-,-
Restorative Services,D2954,Prefabricated post and core in addition to crown,"1 of (D2952, D2954) per tooth every 5 calendar years",-,-
Restorative Services,D2955,Post removal,1 (D2955) per tooth every 5 calendar years,-,-
Restorative Services,D2957,"Each additional prefabricated post, same tooth","1 of (D2953, D2957) per tooth every 5 calendar years",-,-
Restorative Services,D2971,"Additional procedure to customize new crown, existing partial denture frame",-,-,-
Restorative Services,D2980,Crown repair necessitated by restorative material failure,-,-,-
Restorative Services,D2981,Inlay repair necessitated by restorative material failure,-,-,-
Restorative Services,D2982,Onlay repair necessitated by restorative material failure,-,-,-
Restorative Services,D2983,Veneer repair necessitated by restorative material failure,-,-,-
Restorative Services,D2990,Resin infiltration of incipient smooth surface lesions,-,-,-
Endodontics,D3110,excluding final restoration,"1 of (D3110, D3120) per tooth in a lifetime",-,-
Endodontics,D3120,excluding final restoration,"1 of (D3110, D3120) per tooth in a lifetime",-,-
Endodontics,D3221,"Pulpal debridement, primary and permanent teeth",1 (D3221) per tooth in a lifetime,-,-
Endodontics,D3230,excluding final restoration,"1 of (D3230, D3240) per tooth in a lifetime",-,-
Endodontics,D3240,excluding finale restoration,"1 of (D3230, D3240) per tooth in a lifetime",-,-
Endodontics,D3310,excluding final restoration,1 of (D3310-D3330) per tooth in a lifetime,-,-
Endodontics,D3320,excluding final restoration,1 of (D3310-D3330) per tooth in a lifetime,-,-
Endodontics,D3330,excluding final restoration,1 of (D3310-D3330) per tooth in a lifetime,-,-
Endodontics,D3331,Treatment of root canal obstruction; non-surgical access,1 (D3331) per tooth in a lifetime,-,-
Endodontics,D3332,"Incomplete endodontic therapy; inoperable, unrestorable, fractured tooth",1 (D3332) per tooth in a lifetime,-,-
Endodontics,D3333,Internal root repair of perforation defects,1 (D3333) per tooth in a lifetime,-,-
Endodontics,D3346,"Retreatment of previous root canal therapy, anterior",1 of (D3346-D3348) per tooth in a lifetime; not payable within 12 months if performed by same provider,-,-
Endodontics,D3347,"Retreatment of previous root canal therapy, premolar",1 of (D3346-D3348) per tooth in a lifetime; not payable within 12 months if performed by same provider,-,-
Endodontics,D3348,"Retreatment of previous root canal therapy, molar",1 of (D3346-D3348) per tooth in a lifetime; not payable within 12 months if performed by same provider,-,-
Endodontics,D3351,"Apexification/ recalcification, initial visit",1 of (D3351) per tooth in a lifetime,-,-
Endodontics,D3352,"Apexification/ recalcification, interim medication replacement",1 of (D3352) per tooth in a lifetime,-,-
Endodontics,D3353,"Apexification/ recalcification, final visit",1 of (D3353) per tooth in a lifetime,-,-
Endodontics,D3410,"Apicoectomy, anterior",1 of (D3410-D3425) per tooth in a lifetime,-,-
Endodontics,D3421,"Apicoectomy, premolar (first root)",1 of (D3410-D3425) per tooth in a lifetime,-,-
Endodontics,D3425,"Apicoectomy, molar (first root)",1 of (D3410-D3425) per tooth in a lifetime,-,-
Endodontics,D3426,"Apicoectomy, (each additional root)",1 (D3426) per tooth in a lifetime,-,-
Endodontics,D3428,"Bone graft in conjunction with periradicular surgery, per tooth, single site","1 of (D3428, D3429) per tooth in a lifetime",-,-
Endodontics,D3429,"Bone graft in conjunction with periradicular surgery, each add'l tooth, same site","1 of (D3428, D3429) per tooth in a lifetime",-,-
Endodontics,D3430,"Retrograde filling, per root",1 (D3430) per tooth in a lifetime,-,-
Endodontics,D3431,"Biologic materials, soft osseous tissue regeneration with periradicular surgery","1 of (D3431, D3432) per site in a lifetime",-,-
Endodontics,D3432,"Guided tissue regeneration, per site, with periradicular surgery","1 of (D3431, D3432) per site in a lifetime",-,-
Endodontics,D3450,"Root amputation, per root",1 (D3450) per tooth in a lifetime,-,-
Endodontics,D3920,"Hemisection, not including root canal therapy",1 (D3920) per tooth in a lifetime,-,-
Periodontics,D4210,"Gingivectomy or gingivoplasty, four or more teeth per quadrant",1 of (D4210-D4212) per site/quad every 3 calendar years,-,-
Periodontics,D4211,"Gingivectomy or gingivoplasty, one to three teeth per quadrant",1 of (D4210-D4212) per site/quad every 3 calendar years,-,-
Periodontics,D4212,"Gingivectomy or gingivoplasty, restorative procedure, per tooth",1 of (D4210-D4212) per site/quad every 3 calendar years,-,-
Periodontics,D4230,"Anatomical crown exposure, four or more contiguous teeth per quadrant","1 of (D4230, D4231) per site/quad every 3 calendar years",-,-
Periodontics,D4231,"Anatomical crown exposure, one to three teeth per quadrant","1 of (D4230, D4231) per site/quad every 3 calendar years",-,-
Periodontics,D4240,"Gingival flap procedure, four or more teeth per quadrant",1 of (D4240-D4245) per site/quad every 3 calendar years,-,-
Periodontics,D4241,"Gingival flap procedure, one to three teeth per quadrant",1 of (D4240-D4245) per site/quad every 3 calendar years,-,-
Periodontics,D4245,Apically positioned flap,1 of (D4240-D4245) per site/quad every 3 calendar years,-,-
Periodontics,D4249,"Clinical crown lengthening, hard tissue",1 (D4249) per tooth in a lifetime,-,-
Periodontics,D4260,"Osseous surgery, four or more teeth per quadrant","1 of (D4260, D4261) per site/quad every 5 calendar years",-,-
Periodontics,D4261,"Osseous surgery, one to three teeth per quadrant","1 of (D4260, D4261) per site/quad every 5 calendar years",-,-
Periodontics,D4263,"Bone replacement graft, retained natural tooth, first site, quadrant","1 of (D4263, D4264) per site/quad in a lifetime",-,-
Periodontics,D4264,"Bone replacement graft, retained natural tooth, each additional site","1 of (D4263, D4264) per site/quad in a lifetime",-,-
Periodontics,D4266,"Guided tissue regeneration, natural teeth, resorbable barrier, per site","1 of (D4266, D4267) per site/quad every 5 calendar years",-,-
Periodontics,D4267,"Guided tissue regeneration, natural teeth, non-resorbable barrier, per site","1 of (D4266, D4267) per site/quad every 5 calendar years",-,-
Periodontics,D4268,"Surgical revision procedure, per tooth",1 (D4268) per tooth every 3 calendar years,-,-
Periodontics,D4270,Pedicle soft tissue graft procedure,1 of (D4270-D4285) per site/quad every 3 calendar years,-,-
Periodontics,D4273,"Autogenous connective tissue graft procedure, first tooth",1 of (D4270-D4285) per site/quad every 3 calendar years,-,-
Periodontics,D4274,"Mesial/distal wedge procedure, single tooth",1 of (D4270-D4285) per site/quad every 3 calendar years,-,-
Periodontics,D4275,"Non-autogenous connective tissue graft, first tooth",1 of (D4270-D4285) per site/quad every 3 calendar years,-,-
Periodontics,D4276,Combined connective tissue and pedicle graft,1 of (D4270-D4285) per site/quad every 3 calendar years,-,-
Periodontics,D4277,"Free soft tissue graft, first tooth",1 of (D4270-D4285) per site/quad every 3 calendar years,-,-
Periodontics,D4278,"Free soft tissue graft, each additional tooth",1 of (D4270-D4285) per site/quad every 3 calendar years,-,-
Periodontics,D4283,"Autogenous connective tissue graft procedure, each additional tooth, per site",1 of (D4270-D4285) per site/quad every 3 calendar years,-,-
Periodontics,D4285,"Non-autogenous connective tissue graft procedure, each additional tooth, per site",1 of (D4270-D4285) per site/quad every 3 calendar years,-,-
Periodontics,D4322,Splint intra-coronal; natural teeth or prosthetic crowns,"1 of (D4322, D4323) per arch every 3 calendar years",-,-
Periodontics,D4323,Splint extra-coronal; natural teeth or prosthetic crowns,"1 of (D4322, D4323) per arch every 3 calendar years",-,-
Periodontics,D4341,"Periodontal scaling and root planing, four or more teeth per quadrant","1 of (D4341, D4342) per site/quad every 2 calendar years",-,-
Periodontics,D4342,"Periodontal scaling and root planing, one to three teeth per quadrant","1 of (D4341, D4342) per site/quad every 2 calendar years",-,-
Periodontics,D4346,"Scaling in presence of moderate or severe inflammation, full mouth after evaluation","2 of (D1110, D4346, D4910) every calendar year",-,-
Periodontics,D4355,"Full mouth debridement to enable comprehensive periodontal evaluation and diagnosis, subsequent visit",1 (D4355) every 2 calendar years,-,-
Periodontics,D4910,Periodontal maintenance,"2 of (D1110, D4346, D4910) every calendar year",-,-
"Prosthodontics, removable",D5110,"Complete denture, maxillary","1 of (D5110-D5228, D5863-D5866) per arch every 5 calendar years",-,-
"Prosthodontics, removable",D5120,"Complete denture, mandibular","1 of (D5110-D5228, D5863-D5866) per arch every 5 calendar years",-,-
"Prosthodontics, removable",D5130,"Immediate denture, maxillary","1 of (D5110-D5228, D5863-D5866) per arch every 5 calendar years",-,-
"Prosthodontics, removable",D5140,"Immediate denture, mandibular","1 of (D5110-D5228, D5863-D5866) per arch every 5 calendar years",-,-
"Prosthodontics, removable",D5211,"Maxillary partial denture, resin base","1 of (D5110-D5228, D5863-D5866) per arch every 5 calendar years",-,-
"Prosthodontics, removable",D5212,"Mandibular partial denture, resin base","1 of (D5110-D5228, D5863-D5866) per arch every 5 calendar years",-,-
"Prosthodontics, removable",D5213,"Maxillary partial denture, cast metal framework with resin denture bases (including retentive/clasping materials, rests and teeth)","1 of (D5110-D5228, D5863-D5866) per arch every 5 calendar years",-,-
"Prosthodontics, removable",D5214,"Mandibular partial denture, cast metal framework with resin denture bases (including retentive/clasping materials, rests and teeth)","1 of (D5110-D5228, D5863-D5866) per arch every 5 calendar years",-,-
"Prosthodontics, removable",D5221,"Immediate maxillary partial denture - resin base (including retentive/clasping materials, rests and teeth)","1 of (D5110-D5228, D5863-D5866) per arch every 5 calendar years",-,-
"Prosthodontics, removable",D5222,"Immediate mandibular partial denture - resin base (including retentive/clasping materials, rests and teeth)","1 of (D5110-D5228, D5863-D5866) per arch every 5 calendar years",-,-
"Prosthodontics, removable",D5223,"Immediate maxillary partial denture - cast metal framework with resin denture bases (including retentive/clasping materials, rests and teeth)","1 of (D5110-D5228, D5863-D5866) per arch every 5 calendar years",-,-
"Prosthodontics, removable",D5224,"Immediate mandibular partial denture - cast metal framework with resin denture bases (including retentive/clasping materials, rests and teeth)","1 of (D5110-D5228, D5863-D5866) per arch every 5 calendar years",-,-
"Prosthodontics, removable",D5225,"Maxillary partial denture, flexible base","1 of (D5110-D5228, D5863-D5866) per arch every 5 calendar years",-,-
"Prosthodontics, removable",D5226,"Mandibular partial denture, flexible base","1 of (D5110-D5228, D5863-D5866) per arch every 5 calendar years",-,-
"Prosthodontics, removable",D5227,"Immediate maxillary partial denture - flexible base (including any clasps, rests and teeth)","1 of (D5110-D5228, D5863-D5866) per arch every 5 calendar years",-,-
"Prosthodontics, removable",D5228,"Immediate mandibular partial denture - flexible base (including any clasps, rests and teeth)","1 of (D5110-D5228, D5863-D5866) per arch every 5 calendar years",-,-
"Prosthodontics, removable",D5410,"Adjust complete denture, maxillary",1 of (D5410-D5422) per arch every calendar year; not payable within 6 months of initial placement by the same provider,-,-
"Prosthodontics, removable",D5411,"Adjust complete denture, mandibular",1 of (D5410-D5422) per arch every calendar year; not payable within 6 months of initial placement by the same provider,-,-
"Prosthodontics, removable",D5421,"Adjust partial denture, maxillary",1 of (D5410-D5422) per arch every calendar year; not payable within 6 months of initial placement by the same provider,-,-
"Prosthodontics, removable",D5422,"Adjust partial denture, mandibular",1 of (D5410-D5422) per arch every calendar year; not payable within 6 months of initial placement by the same provider,-,-
"Prosthodontics, removable",D5511,"Repair broken complete denture base, mandibular","1 of (D5511, D5512) per arch every calendar year; not payable within 6 months of initial placement by the same provider",-,-
"Prosthodontics, removable",D5512,"Repair broken complete denture base, maxillary","1 of (D5511, D5512) per arch every calendar year; not payable within 6 months of initial placement by the same provider",-,-
"Prosthodontics, removable",D5520,"Replace missing or broken teeth, complete denture",1 (D5520) per arch every calendar year; not payable within 6 months of initial placement by the same provider,-,-
"Prosthodontics, removable",D5611,"Repair resin partial denture base, mandibular",1 of (D5611-D5622) per arch every calendar year; not payable within 6 months of initial placement by the same provider,-,-
"Prosthodontics, removable",D5612,"Repair resin partial denture base, maxillary",1 of (D5611-D5622) per arch every calendar year; not payable within 6 months of initial placement by the same provider,-,-
"Prosthodontics, removable",D5621,"Repair cast partial framework, mandibular",1 of (D5611-D5622) per arch every calendar year,-,-
"Prosthodontics, removable",D5622,"Repair cast partial framework, maxillary",1 of (D5611-D5622) per arch every calendar year; not payable within 6 months of initial placement by the same provider,-,-
"Prosthodontics, removable",D5630,"Repair or replace broken clasp, per tooth",1 (D5630) per tooth every calendar year; not payable within 6 months of initial placement by the same provider,-,-
"Prosthodontics, removable",D5640,"Replace broken teeth, per tooth",1 (D5640) per tooth every calendar year; not payable within 6 months of initial placement by the same provider,-,-
"Prosthodontics, removable",D5650,Add tooth to existing partial denture,1 (D5650) per tooth every calendar year; not payable within 6 months of initial placement by the same provider,-,-
"Prosthodontics, removable",D5660,"Add clasp to existing partial denture, per tooth",1 (D5660) per tooth every calendar year; not payable within 6 months of initial placement by the same provider,-,-
"Prosthodontics, removable",D5670,"Replace all teeth & acrylic on cast metal frame, maxillary","1 of (D5670, D5671) per arch every 2 calendar years; not payable within 6 months of initial placement by the same provider",-,-
"Prosthodontics, removable",D5671,"Replace all teeth & acrylic on cast metal frame, mandibular","1 of (D5670, D5671) per arch every 2 calendar years; not payable within 6 months of initial placement by the same provider",-,-
"Prosthodontics, removable",D5710,Rebase complete maxillary denture,1 of (D5710-D5721 per arch every 2 calendar years; not payable within 6 months of initial placement by the same provider,-,-
"Prosthodontics, removable",D5711,Rebase complete mandibular denture,1 of (D5710-D5721 per arch every 2 calendar years; not payable within 6 months of initial placement by the same provider,-,-
"Prosthodontics, removable",D5720,Rebase maxillary partial denture,1 of (D5710-D5721 per arch every 2 calendar years; not payable within 6 months of initial placement by the same provider,-,-
"Prosthodontics, removable",D5721,Rebase mandibular partial denture,1 of (D5710-D5721 per arch every 2 calendar years; not payable within 6 months of initial placement by the same provider,-,-
"Prosthodontics, removable",D5725,Rebase hybrid prosthesis,1 of (D5725) per site every 2 calendar years; not payable within 6 months of initial placement by the same provider,-,-
"Prosthodontics, removable",D5730,"Reline complete maxillary denture, direct",1 of (D5730-D5761) per arch every 2 calendar years; not payable within 6 months of initial placement by the same provider,-,-
"Prosthodontics, removable",D5731,"Reline complete mandibular denture, direct",1 of (D5730-D5761) per arch every 2 calendar years; not payable within 6 months of initial placement by the same provider,-,-
"Prosthodontics, removable",D5740,"Reline maxillary partial denture, direct",1 of (D5730-D5761) per arch every 2 calendar years; not payable within 6 months of initial placement by the same provider,-,-
"Prosthodontics, removable",D5741,"Reline mandibular partial denture, direct",1 of (D5730-D5761) per arch every 2 calendar years; not payable within 6 months of initial placement by the same provider,-,-
"Prosthodontics, removable",D5750,"Reline complete maxillary denture, indirect",1 of (D5730-D5761) per arch every 2 calendar years; not payable within 6 months of initial placement by the same provider,-,-
"Prosthodontics, removable",D5751,"Reline complete mandibular denture, indirect",1 of (D5730-D5761) per arch every 2 calendar years; not payable within 6 months of initial placement by the same provider,-,-
"Prosthodontics, removable",D5760,"Reline maxillary partial denture, indirect",1 of (D5730-D5761) per arch every 2 calendar years; not payable within 6 months of initial placement by the same provider,-,-
"Prosthodontics, removable",D5761,"Reline mandibular partial denture, indirect",1 of (D5730-D5761) per arch every 2 calendar years; not payable within 6 months of initial placement by the same provider,-,-
"Prosthodontics, removable",D5765,Soft liner for complete or partial removable denture indirect,1 (D5765) per arch every 2 calendar years; not payable within 6 months of initial placement by the same provider,-,-
"Prosthodontics, removable",D5810,"Interim complete denture, maxillary",-,-,-
"Prosthodontics, removable",D5811,"Interim complete denture, mandibular",-,-,-
"Prosthodontics, removable",D5820,"Interim partial denture, maxillary",-,-,-
"Prosthodontics, removable",D5821,"Interim partial denture, mandibular",-,-,-
"Prosthodontics, removable",D5850,"Tissue conditioning, maxillary","1 of (D5850, D5851) per arch every calendar year",-,-
"Prosthodontics, removable",D5851,"Tissue conditioning, mandibular","1 of (D5850, D5851) per arch every calendar year",-,-
"Prosthodontics, removable",D5863,"Overdenture, complete, maxillary","1 of (D5110-D5228, D5863-D5866) per arch every 5 calendar years",-,-
"Prosthodontics, removable",D5864,"Overdenture, partial, maxillary","1 of (D5110-D5228, D5863-D5866) per arch every 5 calendar years",-,-
"Prosthodontics, removable",D5865,"Overdenture, complete, mandibular","1 of (D5110-D5228, D5863-D5866) per arch every 5 calendar years",-,-
"Prosthodontics, removable",D5866,"Overdenture, partial, mandibular","1 of (D5110-D5228, D5863-D5866) per arch every 5 calendar years",-,-
"Prosthodontics, removable",D5867,"Replacement of part of semi-precision, precision attachment, per attachment",-,-,-
"Prosthodontics, removable",D5899,"Unspecified removable prosthodontic procedure, by report","1 of (D5867, D5899) per site every 5 calendar years",-,-
"Prosthodontics, fixed",D6205,"Pontic, indirect resin based composite","1 of (D2542-D2794, D6205-D6794) per tooth every 5 calendar years",-,-
"Prosthodontics, fixed",D6210,"Pontic, cast high noble metal","1 of (D2542-D2794, D6205-D6794) per tooth every 5 calendar years",-,-
"Prosthodontics, fixed",D6211,"Pontic, cast predominantly base metal","1 of (D2542-D2794, D6205-D6794) per tooth every 5 calendar years",-,-
"Prosthodontics, fixed",D6212,"Pontic, cast noble metal","1 of (D2542-D2794, D6205-D6794) per tooth every 5 calendar years",-,-
"Prosthodontics, fixed",D6214,"Pontic, titanium, and titanium alloys","1 of (D2542-D2794, D6205-D6794) per tooth every 5 calendar years",-,-
"Prosthodontics, fixed",D6240,"Pontic, porcelain fused to high noble metal","1 of (D2542-D2794, D6205-D6794) per tooth every 5 calendar years",-,-
"Prosthodontics, fixed",D6241,"Pontic, porcelain fused to predominantly base metal","1 of (D2542-D2794, D6205-D6794) per tooth every 5 calendar years",-,-
"Prosthodontics, fixed",D6242,"Pontic, porcelain fused to noble metal","1 of (D2542-D2794, D6205-D6794) per tooth every 5 calendar years",-,-
"Prosthodontics, fixed",D6243,"Pontic, porcelain fused to titanium and titanium alloys","1 of (D2542-D2794, D6205-D6794) per tooth every 5 calendar years",-,-
"Prosthodontics, fixed",D6245,"Pontic, porcelain/ceramic","1 of (D2542-D2794, D6205-D6794) per tooth every 5 calendar years",-,-
"Prosthodontics, fixed",D6250,"Pontic, resin with high noble metal","1 of (D2542-D2794, D6205-D6794) per tooth every 5 calendar years",-,-
"Prosthodontics, fixed",D6251,"Pontic, resin with predominantly base metal","1 of (D2542-D2794, D6205-D6794) per tooth every 5 calendar years",-,-
"Prosthodontics, fixed",D6252,"Pontic, resin with noble metal","1 of (D2542-D2794, D6205-D6794) per tooth every 5 calendar years",-,-
"Prosthodontics, fixed",D6545,"Retainer, cast metal for resin bonded fixed prosthesis","1 of (D2542-D2794, D6205-D6794) per tooth every 5 calendar years",-,-
"Prosthodontics, fixed",D6548,"Retainer, porcelain/ceramic, resin bonded fixed prosthesis","1 of (D2542-D2794, D6205-D6794) per tooth every 5 calendar years",-,-
"Prosthodontics, fixed",D6549,"Resin retainer, for resin bonded fixed prosthesis","1 of (D2542-D2794, D6205-D6794) per tooth every 5 calendar years",-,-
"Prosthodontics, fixed",D6600,"Retainer inlay, porcelain/ceramic, two surfaces","1 of (D2542-D2794, D6205-D6794) per tooth every 5 calendar years",-,-
"Prosthodontics, fixed",D6601,"Retainer inlay, porcelain/ceramic, three or more surfaces","1 of (D2542-D2794, D6205-D6794) per tooth every 5 calendar years",-,-
"Prosthodontics, fixed",D6602,"Retainer inlay, cast high noble metal, two surfaces","1 of (D2542-D2794, D6205-D6794) per tooth every 5 calendar years",-,-
"Prosthodontics, fixed",D6603,"Retainer inlay, cast high noble metal, three or more surfaces","1 of (D2542-D2794, D6205-D6794) per tooth every 5 calendar years",-,-
"Prosthodontics, fixed",D6604,"Retainer inlay, cast base metal, two surfaces","1 of (D2542-D2794, D6205-D6794) per tooth every 5 calendar years",-,-
"Prosthodontics, fixed",D6605,"Retainer inlay, cast base metal, three or more surfaces","1 of (D2542-D2794, D6205-D6794) per tooth every 5 calendar years",-,-
"Prosthodontics, fixed",D6606,"Retainer inlay, cast noble metal, two surfaces","1 of (D2542-D2794, D6205-D6794) per tooth every 5 calendar years",-,-
"Prosthodontics, fixed",D6607,"Retainer inlay, cast noble metal, three or more surfaces","1 of (D2542-D2794, D6205-D6794) per tooth every 5 calendar years",-,-
"Prosthodontics, fixed",D6608,"Retainer onlay, porcelain/ceramic, two surfaces","1 of (D2542-D2794, D6205-D6794) per tooth every 5 calendar years",-,-
"Prosthodontics, fixed",D6609,"Retainer onlay, porcelain/ceramic, three or more surfaces","1 of (D2542-D2794, D6205-D6794) per tooth every 5 calendar years",-,-
"Prosthodontics, fixed",D6610,"Retainer onlay, cast high noble metal, two surfaces","1 of (D2542-D2794, D6205-D6794) per tooth every 5 calendar years",-,-
"Prosthodontics, fixed",D6611,"Retainer onlay, cast high noble metal, three or more surfaces","1 of (D2542-D2794, D6205-D6794) per tooth every 5 calendar years",-,-
"Prosthodontics, fixed",D6612,"Retainer onlay, cast base metal, two surfaces","1 of (D2542-D2794, D6205-D6794) per tooth every 5 calendar years",-,-
"Prosthodontics, fixed",D6613,"Retainer onlay, cast base metal, three or more surfaces","1 of (D2542-D2794, D6205-D6794) per tooth every 5 calendar years",-,-
"Prosthodontics, fixed",D6614,"Retainer onlay, cast noble metal, two surfaces","1 of (D2542-D2794, D6205-D6794) per tooth every 5 calendar years",-,-
"Prosthodontics, fixed",D6615,"Retainer onlay, cast noble metal three or more surfaces","1 of (D2542-D2794, D6205-D6794) per tooth every 5 calendar years",-,-
"Prosthodontics, fixed",D6710,"Retainer crown, indirect resin based composite","1 of (D2542-D2794, D6205-D6794) per tooth every 5 calendar years",-,-
"Prosthodontics, fixed",D6720,"Retainer crown, resin with high noble metal","1 of (D2542-D2794, D6205-D6794) per tooth every 5 calendar years",-,-
"Prosthodontics, fixed",D6721,"Retainer crown, resin with predominantly base metal","1 of (D2542-D2794, D6205-D6794) per tooth every 5 calendar years",-,-
"Prosthodontics, fixed",D6722,"Retainer crown, resin with noble metal","1 of (D2542-D2794, D6205-D6794) per tooth every 5 calendar years",-,-
"Prosthodontics, fixed",D6740,"Retainer crown, porcelain/ceramic","1 of (D2542-D2794, D6205-D6794) per tooth every 5 calendar years",-,-
"Prosthodontics, fixed",D6750,"Retainer crown, porcelain fused to high noble metal","1 of (D2542-D2794, D6205-D6794) per tooth every 5 calendar years",-,-
"Prosthodontics, fixed",D6751,"Retainer crown, porcelain fused to predominantly base metal","1 of (D2542-D2794, D6205-D6794) per tooth every 5 calendar years",-,-
"Prosthodontics, fixed",D6752,"Retainer crown, porcelain fused to noble metal","1 of (D2542-D2794, D6205-D6794) per tooth every 5 calendar years",-,-
"Prosthodontics, fixed",D6753,"Retainer crown, porcelain fused to titanium and titanium alloys","1 of (D2542-D2794, D6205-D6794) per tooth every 5 calendar years",-,-
"Prosthodontics, fixed",D6780,"Retainer crown,¾ cast high noble metal","1 of (D2542-D2794, D6205-D6794) per tooth every 5 calendar years",-,-
"Prosthodontics, fixed",D6781,"Retainer crown, ¾ cast predominantly base metal","1 of (D2542-D2794, D6205-D6794) per tooth every 5 calendar years",-,-
"Prosthodontics, fixed",D6782,"Retainer crown, ¾ cast noble metal","1 of (D2542-D2794, D6205-D6794) per tooth every 5 calendar years",-,-
"Prosthodontics, fixed",D6783,"Retainer crown, ¾ porcelain/ceramic","1 of (D2542-D2794, D6205-D6794) per tooth every 5 calendar years",-,-
"Prosthodontics, fixed",D6790,"Retainer crown, full cast high noble metal","1 of (D2542-D2794, D6205-D6794) per tooth every 5 calendar years",-,-
"Prosthodontics, fixed",D6791,"Retainer crown, full cast predominantly base metal","1 of (D2542-D2794, D6205-D6794) per tooth every 5 calendar years",-,-
"Prosthodontics, fixed",D6792,"Retainer crown, full cast noble metal","1 of (D2542-D2794, D6205-D6794) per tooth every 5 calendar years",-,-
"Prosthodontics, fixed",D6794,"Retainer crown, titanium and titanium alloys","1 of (D2542-D2794, D6205-D6794) per tooth every 5 calendar years",-,-
"Prosthodontics, fixed",D6930,Re-cement or re-bond fixed partial denture,-,-,-
"Prosthodontics, fixed",D6980,"Fixed partial denture repair, restorative material failure",-,-,-
Oral and Maxillofacial Surgery,D7111,"Extraction, coronal remnants, primary tooth",-,-,-
Oral and Maxillofacial Surgery,D7140,"Extraction, erupted tooth or exposed root",-,-,-
Oral and Maxillofacial Surgery,D7210,"Extraction, erupted tooth requiring removal of bone and/or sectioning of tooth",-,-,-
Oral and Maxillofacial Surgery,D7220,"Removal of impacted tooth, soft tissue",-,-,-
Oral and Maxillofacial Surgery,D7230,"Removal of impacted tooth, partially bony",-,-,-
Oral and Maxillofacial Surgery,D7240,"Removal of impacted tooth, completely bony",-,-,-
Oral and Maxillofacial Surgery,D7241,"Removal impacted tooth, complete bony, complication",-,-,-
Oral and Maxillofacial Surgery,D7250,Removal of residual tooth roots (cutting procedure),-,-,-
Oral and Maxillofacial Surgery,D7260,Oroantral fistula closure,1 (D7260) per site in a lifetime,-,-
Oral and Maxillofacial Surgery,D7261,Primary closure of a sinus perforation,1 (D7261) per site in a lifetime,-,-
Oral and Maxillofacial Surgery,D7270,"Tooth reimplantation and/or stabilization, accident",1 (D7270) per tooth in a lifetime,-,-
Oral and Maxillofacial Surgery,D7280,Exposure of an unerupted tooth,1 (D7280) per tooth in a lifetime,-,-
Oral and Maxillofacial Surgery,D7285,"Incisional biopsy of oral tissue, hard (bone, tooth)",1 (D7285) per site every 2 calendar years,-,-
Oral and Maxillofacial Surgery,D7286,"Incisional biopsy of oral tissue, soft",1 (D7286) per site every 2 calendar years,-,-
Oral and Maxillofacial Surgery,D7288,"Brush biopsy, transepithelial sample collection",1 (D7288) per site every 2 calendar years,-,-
Oral and Maxillofacial Surgery,D7310,"Alveoloplasty with extractions, four or more teeth per quadrant",1 of (D7310-D7321) per site quad in a lifetime,-,-
Oral and Maxillofacial Surgery,D7311,"Alveoloplasty with extractions, one to three teeth per quadrant",1 of (D7310-D7321) per site quad in a lifetime,-,-
Oral and Maxillofacial Surgery,D7320,"Alveoloplasty, w/o extractions, four or more teeth per quadrant",1 of (D7310-D7321) per site quad in a lifetime,-,-
Oral and Maxillofacial Surgery,D7321,"Alveoloplasty, w/o extractions, one to three teeth per quadrant",1 of (D7310-D7321) per site quad in a lifetime,-,-
Oral and Maxillofacial Surgery,D7340,"Vestibuloplasty, ridge extension (2nd epithelialization)",1 (D7340) per site/quad in a lifetime,-,-
Oral and Maxillofacial Surgery,D7350,"Vestibuloplasty, ridge extension",1 (D7350) per site/quad in a lifetime,-,-
Oral and Maxillofacial Surgery,D7410,"Excision of benign lesion, up to 1.25 cm",-,-,-
Oral and Maxillofacial Surgery,D7411,"Excision of benign lesion, greater than 1.25 cm",-,-,-
Oral and Maxillofacial Surgery,D7412,"Excision of benign lesion, complicated",-,-,-
Oral and Maxillofacial Surgery,D7413,"Excision of malignant lesion, up to 1.25 cm",-,-,-
Oral and Maxillofacial Surgery,D7414,"Excision of malignant lesion, greater than 1.25 cm",-,-,-
Oral and Maxillofacial Surgery,D7415,"Excision of malignant lesion, complicated",-,-,-
Oral and Maxillofacial Surgery,D7440,"Excision of malignant tumor, up to 1.25 cm",-,-,-
Oral and Maxillofacial Surgery,D7441,"Excision of malignant tumor, greater than 1.25 cm",-,-,-
Oral and Maxillofacial Surgery,D7450,"Removal, benign odontogenic cyst/tumor, up to 1.25 cm",-,-,-
Oral and Maxillofacial Surgery,D7451,"Removal, benign odontogenic cyst/tumor, greater than 1.25 cm",-,-,-
Oral and Maxillofacial Surgery,D7460,"Removal, benign nonodontogenic cyst/tumor, up to 1.25 cm",-,-,-
Oral and Maxillofacial Surgery,D7461,"Removal, benign nonodontogenic cyst/tumor, greater than 1.25 cm",-,-,-
Oral and Maxillofacial Surgery,D7465,"Destruction of lesion(s) by physical or chemical method, by report",-,-,-
Oral and Maxillofacial Surgery,D7471,"Removal of lateral exostosis, maxilla or mandible",1 (D7471) per arch in a lifetime,-,-
Oral and Maxillofacial Surgery,D7472,Removal of torus palatinus,1 (D7472) in a lifetime,-,-
Oral and Maxillofacial Surgery,D7473,Removal of torus mandibularis,1 (D7473) in a lifetime,-,-
Oral and Maxillofacial Surgery,D7485,Reduction of osseous tuberosity,1 (D7485) per site/quad in a lifetime,-,-
Oral and Maxillofacial Surgery,D7510,"Incision & drainage of abscess, intraoral soft tissue",-,-,-
Oral and Maxillofacial Surgery,D7511,"Incision & drainage of abscess, intraoral soft tissue, complicated",-,-,-
Oral and Maxillofacial Surgery,D7520,"Incision & drainage of abscess, extraoral soft tissue",-,-,-
Oral and Maxillofacial Surgery,D7521,"Incision & drainage of abscess, extraoral soft tissue, complicated",-,-,-
Oral and Maxillofacial Surgery,D7530,"Remove foreign body, mucosa, skin, tissue",-,-,-
Oral and Maxillofacial Surgery,D7540,"Removal of reaction producing foreign bodies, musculoskeletal system",-,-,-
Oral and Maxillofacial Surgery,D7953,"Bone replacement graft for ridge preservation, per site",1 (D7953) per site in a lifetime,-,-
Oral and Maxillofacial Surgery,D7961,Buccal / labial frenectomy (frenulectomy),1 (D7961) per arch every 5 calendar years,-,-
Oral and Maxillofacial Surgery,D7962,Lingual frenectomy (frenulectomy),1 (D7962) every 5 calendar years,-,-
Oral and Maxillofacial Surgery,D7963,Frenuloplasty,1 (D7963) every 5 calendar years,-,-
Oral and Maxillofacial Surgery,D7970,"Excision of hyperplastic tissue, per arch",1 (D7970) per arch every 5 calendar years,-,-
Oral and Maxillofacial Surgery,D7971,Excision of pericoronal gingiva,1 (D7971) per tooth in a lifetime,-,-
Oral and Maxillofacial Surgery,D7972,Surgical reduction of fibrous tuberosity,1 (D7972) per quad in a lifetime,-,-
Oral and Maxillofacial Surgery,D7997,"Appliance removal (not by dentist who placed appliance), includes removal of archbar",1 (D7997) every 5 calendar years,-,-
Adjunctive General Services,D9110,"Palliative (emergency) treatment, minor procedure",2 (D9110) every calendar year,-,-
Adjunctive General Services,D9120,Fixed partial denture sectioning,-,-,-
Adjunctive General Services,D9222,"Deep sedation/general anesthesia, first 15 minute increment",-,-,-
Adjunctive General Services,D9223,"Deep sedation/general anesthesia, each subsequent 15 minute increment",-,-,-
Adjunctive General Services,D9230,"Inhalation of nitrous oxide/analgesia, anxiolysis",-,-,-
Adjunctive General Services,D9239,"Intravenous moderate (conscious) sedation/analgesia, first 15 minute increment",-,-,-
Adjunctive General Services,D9243,"Intravenous moderate (conscious) sedation/analgesia, each subsequent 15 minute increment",-,-,-
Adjunctive General Services,D9248,"Non-intravenous (conscious) sedation, includes non-IV minimal and moderate sedation",-,-,-
Adjunctive General Services,D9310,"Consultation, other than requesting dentist",-,-,-
Adjunctive General Services,D9410,House/extended care facility call,-,-,-
Adjunctive General Services,D9610,"Therapeutic parenteral drug, single administration",-,-,-
Adjunctive General Services,D9910,Application of desensitizing medicament,1 (D9910) every calendar year,-,-
Adjunctive General Services,D9911,"Application of desensitizing resin for cervical, root surface, per tooth",1 (D9911) per tooth every calendar year,-,-
Adjunctive General Services,D9930,"Treatment of complications, post surgical, unusual, by report",-,-,-
Adjunctive General Services,D9942,Repair and/or reline of occlusal guard,1 (D9942) every calendar year,-,-
Adjunctive General Services,D9944,"Occlusal guard, hard appliance, full arch",1 of (D9944-D9946) every 3 calendar years,-,-
Adjunctive General Services,D9945,"Occlusal guard, soft appliance, full arch",1 of (D9944-D9946) every 3 calendar years,-,-
Adjunctive General Services,D9946,"Occlusal guard, hard appliance, partial arch",1 of (D9944-D9946) every 3 calendar years,-,-
Adjunctive General Services,D9950,"Occlusion analysis, mounted case",-,-,-
Adjunctive General Services,D9951,"Occlusal adjustment, limited","1 of (D9951, D9952) every 2 calendar years",-,-
Adjunctive General Services,D9952,"Occlusal adjustment, complete","1 of (D9951, D9952) every 2 calendar years",-,-
Adjunctive General Services,D9995,"Teledentistry, synchronous; real-time encounter","2 of (D9995, D9996) every calendar year",-,-
Adjunctive General Services,D9996,"Teledentistry, asynchronous; information stored and","2 of (D9995, D9996) every calendar year",-,-
